id_number,first_name,last_name,city,state_code,shirt_or_hat,quiz_points,team,signup,age,company
1,Janice,Howell,Los Angeles,CA,hat,92,Cosmic Cobras,2021-01-01,44,Homenick Group
2,Wanda,Alvarez,Riverside,CA,shirt,80,Angry Ants,2021-01-01,33,Nicolas Inc
3,Laura,Olson,San Mateo,CA,shirt,84,Baffled Badgers,2021-01-01,40,Hoeger-O'Keefe
4,Jack,Garcia,Hicksville,NY,shirt,98,Cosmic Cobras,2021-01-01,55,
5,Ryan,Rice,Wilmington,DE,shirt,84,Angry Ants,2021-01-01,57,Carter-VonRueden
6,Christine,Wood,Grand Rapids,MI,shirt,82,Baffled Badgers,2021-01-01,20,Zboncak-Leannon
7,Dennis,Banks,New York City,NY,hat,85,Cosmic Cobras,2021-01-01,58,"Ullrich, Schroeder and Rempel"
8,Paula,Montgomery,Mobile,AL,shirt,87,Angry Ants,2021-01-01,60,Krajcik-Koss
9,Jerry,Ferguson,Carol Stream,IL,shirt,81,Baffled Badgers,2021-01-01,49,"Marcus, Schuppe and Jacobs"
10,Darren,Black,Pensacola,FL,shirt,87,Cosmic Cobras,2021-01-01,46,Cartwright LLC
11,Gerald,Johnston,Dallas,TX,shirt,78,Angry Ants,2021-01-01,21,
12,Bonnie,Brooks,Bridgeport,CT,hat,86,Baffled Badgers,2021-01-01,51,Terry-Weber
13,Rose,Armstrong,Anchorage,AK,shirt,93,Cosmic Cobras,2021-01-01,48,Bashirian Inc
14,Patrick,Johnson,Boise,ID,hat,71,Angry Ants,2021-01-01,21,"Boehm, Grant and Kuphal"
15,Linda,Mitchell,Burbank,CA,shirt,92,Baffled Badgers,2021-01-01,47,Steuber LLC
16,Brian,George,Lake Worth,FL,hat,82,Cosmic Cobras,2021-01-01,54,"Stehr, Windler and MacGyver"
17,Jonathan,Ryan,Alexandria,LA,hat,81,Angry Ants,2021-01-01,39,"Davis, Stark and Spencer"
18,Paul,Williamson,Apache Junction,AZ,hat,77,Baffled Badgers,2021-01-01,48,Rohan Ltd.
19,Robin,Hayes,Salinas,CA,shirt,98,Cosmic Cobras,2021-01-01,27,"Cole, Cronin and Ruecker"
20,James,Graham,Ogden,UT,shirt,82,Angry Ants,2021-01-01,32,Bosco Inc
21,Robert,Hart,Everett,WA,shirt,89,Baffled Badgers,2021-01-01,35,Gulgowski Ltd.
22,Joe,Thompson,Peoria,IL,shirt,96,Cosmic Cobras,2021-01-01,20,Yundt Group
23,Michelle,Montgomery,Salinas,CA,hat,76,Angry Ants,2021-01-01,56,Treutel-Luettgen
24,Randy,Oliver,Dallas,TX,hat,88,Baffled Badgers,2021-01-01,59,Rice Group
25,Earl,Snyder,Birmingham,AL,hat,85,Cosmic Cobras,2021-01-01,51,Mills Ltd.
26,Helen,Berry,New Haven,CT,shirt,78,Angry Ants,2021-01-02,38,Gerhold-Runte
27,Christina,Evans,Phoenix,AZ,shirt,83,Baffled Badgers,2021-01-02,22,Hagenes Ltd.
28,Scott,Thompson,Des Moines,IA,hat,100,Cosmic Cobras,2021-01-02,42,"Lang, Spinka and Herman"
29,Gerald,Montgomery,Albuquerque,NM,shirt,85,Angry Ants,2021-01-02,39,Zulauf-Kozey
30,Nicole,Willis,Fargo,ND,hat,83,Baffled Badgers,2021-01-02,55,Simonis LLC
31,John,Howard,Albany,NY,hat,85,Cosmic Cobras,2021-01-02,59,Denesik Inc
32,Donna,Daniels,Port Charlotte,FL,hat,81,Angry Ants,2021-01-02,43,Ziemann Ltd.
33,Michelle,Nelson,Springfield,MA,hat,87,Baffled Badgers,2021-01-02,26,"Schowalter, Bogan and Franecki"
34,Gary,Peters,Carson City,NV,shirt,97,Cosmic Cobras,2021-01-02,58,
35,Darren,Ellis,El Paso,TX,hat,84,Angry Ants,2021-01-02,53,Hickle Ltd.
36,Sharon,Brown,Portland,OR,hat,84,Baffled Badgers,2021-01-02,46,"Sipes, Adams and Steuber"
37,Margaret,Hamilton,Detroit,MI,hat,96,Cosmic Cobras,2021-01-02,53,"Dickinson, Lakin and Waters"
38,Richard,Fox,Baton Rouge,LA,hat,74,Angry Ants,2021-01-02,37,Jaskolski Ltd.
39,Linda,Foster,Austin,TX,shirt,92,Baffled Badgers,2021-01-02,60,Collins Ltd.
40,Janet,Rodriguez,Stockton,CA,hat,92,Cosmic Cobras,2021-01-02,20,
41,Jacqueline,Morales,Fairfax,VA,shirt,88,Angry Ants,2021-01-02,52,
42,Barbara,Ortiz,Los Angeles,CA,shirt,87,Baffled Badgers,2021-01-02,48,"Smitham, Kertzmann and Leffler"
43,Tina,Greene,Seattle,WA,hat,90,Cosmic Cobras,2021-01-02,32,"Becker, Davis and Moen"
44,Roy,Lopez,San Francisco,CA,hat,81,Angry Ants,2021-01-02,26,Schneider Ltd.
45,David,Ford,Fort Wayne,IN,shirt,84,Baffled Badgers,2021-01-02,32,"Howe, Reinger and Ondricka"
46,Robert,Bradley,Chicago,IL,hat,87,Cosmic Cobras,2021-01-02,39,"Gottlieb, Ebert and Kuphal"
47,Paul,Schmidt,Davenport,IA,shirt,76,Angry Ants,2021-01-02,51,"Luettgen, Schroeder and Green"
48,Christina,Watkins,Montpelier,VT,hat,82,Baffled Badgers,2021-01-02,42,Hauck-Brakus
49,Carlos,Gray,Garden Grove,CA,hat,89,Cosmic Cobras,2021-01-02,32,Johnston-Labadie
50,Raymond,Reyes,Paterson,NJ,hat,78,Angry Ants,2021-01-02,41,
51,Sarah,Fernandez,Inglewood,CA,hat,86,Baffled Badgers,2021-01-02,37,"Marks, Stanton and Mann"
52,Stephen,Jacobs,Arlington,TX,shirt,95,Cosmic Cobras,2021-01-02,22,Frami Inc
53,Anne,Ellis,Baton Rouge,LA,hat,79,Angry Ants,2021-01-02,23,Padberg-Swaniawski
54,Teresa,Martinez,Springfield,MA,hat,83,Baffled Badgers,2021-01-02,49,Boehm-Shields
55,Catherine,Rodriguez,Rochester,NY,hat,100,Cosmic Cobras,2021-01-02,35,"Kemmer, Trantow and Wuckert"
56,Lawrence,Hill,Saint Petersburg,FL,shirt,81,Angry Ants,2021-01-02,60,
57,Ann,Adams,Lincoln,NE,shirt,82,Baffled Badgers,2021-01-02,47,Mertz Group
58,Victor,Shaw,Olympia,WA,hat,91,Cosmic Cobras,2021-01-02,56,Spinka Ltd.
59,Fred,Peters,Pittsburgh,PA,hat,88,Angry Ants,2021-01-02,52,Collier Inc
60,Jerry,Henderson,Tucson,AZ,shirt,84,Baffled Badgers,2021-01-02,30,"Boehm, Ziemann and Maggio"
61,Philip,Ray,Brooklyn,NY,hat,85,Cosmic Cobras,2021-01-02,26,White Group
62,James,Morrison,Bradenton,FL,hat,78,Angry Ants,2021-01-03,52,Keebler Inc
63,Lawrence,Hart,Jacksonville,FL,shirt,91,Baffled Badgers,2021-01-03,32,Renner Group
64,Willie,Thomas,Wilkes Barre,PA,hat,91,Cosmic Cobras,2021-01-03,48,Schimmel Inc
65,Richard,White,Reston,VA,hat,72,Angry Ants,2021-01-03,38,Morar-Gulgowski
66,Laura,Brown,Miami,FL,shirt,82,Baffled Badgers,2021-01-03,50,
67,Keith,Ferguson,Jefferson City,MO,hat,86,Cosmic Cobras,2021-01-03,48,Purdy-Hahn
68,Doris,Cruz,Saint Petersburg,FL,hat,75,Angry Ants,2021-01-03,37,
69,Rose,Williams,Fort Lauderdale,FL,shirt,90,Baffled Badgers,2021-01-03,39,"Heaney, Pouros and Crist"
70,Nicole,Banks,San Francisco,CA,shirt,87,Cosmic Cobras,2021-01-03,48,Collins Group
71,Teresa,Oliver,Arvada,CO,hat,79,Angry Ants,2021-01-03,52,Frami Ltd.
72,Rose,Kelley,Wichita,KS,hat,84,Baffled Badgers,2021-01-03,41,Green-Lind
73,Brian,Palmer,Fresno,CA,shirt,88,Cosmic Cobras,2021-01-03,54,
74,Philip,Carr,New York City,NY,hat,84,Angry Ants,2021-01-03,60,"Shanahan, DuBuque and Treutel"
75,Sharon,Foster,Detroit,MI,hat,85,Baffled Badgers,2021-01-03,44,Connelly-Fay
76,Douglas,Williamson,Houston,TX,shirt,85,Cosmic Cobras,2021-01-03,51,Bashirian LLC
77,Dennis,Harper,Fort Lauderdale,FL,shirt,83,Angry Ants,2021-01-03,35,Metz-Kling
78,Roy,Rivera,Minneapolis,MN,shirt,81,Baffled Badgers,2021-01-03,47,"Hayes, Greenfelder and Schulist"
79,Billy,Marshall,Salinas,CA,shirt,88,Cosmic Cobras,2021-01-03,31,Heidenreich-Reynolds
80,Louise,Knight,Fort Smith,AR,hat,83,Angry Ants,2021-01-03,28,Windler-Ondricka
81,Jennifer,Lawson,Des Moines,IA,hat,91,Baffled Badgers,2021-01-03,51,Schumm-Jakubowski
82,Kevin,Martinez,Denver,CO,hat,86,Cosmic Cobras,2021-01-03,46,Rowe-Ferry
83,Carol,Matthews,Shawnee Mission,KS,hat,81,Angry Ants,2021-01-03,43,"Hirthe, Barton and McGlynn"
84,Kimberly,Fernandez,Allentown,PA,hat,80,Baffled Badgers,2021-01-03,42,Dicki Group
85,Matthew,Bowman,Raleigh,NC,hat,89,Cosmic Cobras,2021-01-03,50,"Lesch, Mante and Durgan"
86,Annie,Greene,Miami,FL,hat,81,Angry Ants,2021-01-03,51,Cormier-Altenwerth
87,Anthony,Day,Norfolk,VA,shirt,83,Baffled Badgers,2021-01-03,19,Prohaska LLC
88,Jack,Gutierrez,Milwaukee,WI,shirt,85,Cosmic Cobras,2021-01-04,22,Schmeler Group
89,William,Richardson,Richmond,VA,hat,76,Angry Ants,2021-01-04,58,"Corwin, Kulas and Wilderman"
90,Howard,Gilbert,Syracuse,NY,hat,82,Baffled Badgers,2021-01-04,35,Wilkinson-Jacobson
91,Angela,Martinez,Memphis,TN,hat,90,Cosmic Cobras,2021-01-04,48,Prosacco-Beatty
92,Shirley,Green,Tacoma,WA,hat,80,Angry Ants,2021-01-04,46,
93,Sarah,Payne,Corpus Christi,TX,hat,87,Baffled Badgers,2021-01-04,48,
94,Donna,Carr,West Palm Beach,FL,shirt,86,Cosmic Cobras,2021-01-04,28,"Bins, Schneider and Rutherford"
95,Philip,Kim,Sacramento,CA,hat,79,Angry Ants,2021-01-04,21,"Rodriguez, Schroeder and Rippin"
96,Joyce,Marshall,Erie,PA,hat,80,Baffled Badgers,2021-01-04,54,Moen-Gutkowski
97,Jesse,Jenkins,Lakewood,WA,shirt,91,Cosmic Cobras,2021-01-04,33,Nitzsche-Veum
98,Robert,Hart,Richmond,VA,shirt,80,Angry Ants,2021-01-04,40,"White, Herman and Bailey"
99,Kelly,Perkins,New Orleans,LA,hat,82,Baffled Badgers,2021-01-04,23,Herman Inc
100,James,Murray,Cincinnati,OH,shirt,97,Cosmic Cobras,2021-01-04,22,Trantow-Carroll
101,Michael,Turner,Tampa,FL,hat,75,Angry Ants,2021-01-04,41,Spinka-Gorczany
102,Darren,Greene,Miami,FL,hat,85,Baffled Badgers,2021-01-04,57,"Stanton, Runolfsdottir and Pouros"
103,Willie,Hudson,Albany,GA,shirt,83,Cosmic Cobras,2021-01-04,25,"Howe, Romaguera and Osinski"
104,Judith,Mason,Shreveport,LA,shirt,79,Angry Ants,2021-01-04,43,"Kozey, Padberg and White"
105,Kathleen,Bryant,Huntington,WV,shirt,87,Baffled Badgers,2021-01-04,42,"McKenzie, Runolfsdottir and Green"
106,Tina,Alexander,Philadelphia,PA,hat,91,Cosmic Cobras,2021-01-04,20,"Maggio, Schiller and Rippin"
107,Antonio,West,New York City,NY,hat,84,Angry Ants,2021-01-04,34,Welch LLC
108,Nicole,Powell,Milwaukee,WI,hat,85,Baffled Badgers,2021-01-04,42,
109,Kimberly,Black,Largo,FL,hat,94,Cosmic Cobras,2021-01-04,55,Weber-Crona
110,Matthew,Woods,New York City,NY,shirt,82,Angry Ants,2021-01-04,33,Russel-Shields
111,Nicole,Carter,Jamaica,NY,hat,89,Baffled Badgers,2021-01-04,39,"Gulgowski, Pfeffer and Sanford"
112,Jason,Cole,Orlando,FL,hat,89,Cosmic Cobras,2021-01-04,53,"Murphy, Beier and Jacobi"
113,Jerry,Hawkins,San Francisco,CA,hat,77,Angry Ants,2021-01-04,47,Schamberger Inc
114,Nicholas,Cruz,Louisville,KY,hat,87,Baffled Badgers,2021-01-04,55,Terry-Rippin
115,Lillian,King,Houston,TX,shirt,84,Cosmic Cobras,2021-01-04,26,Kemmer-Berge
116,Albert,Lawson,San Francisco,CA,hat,77,Angry Ants,2021-01-04,47,"Kessler, Stamm and Dickinson"
117,Roy,Reid,Dallas,TX,shirt,84,Baffled Badgers,2021-01-04,59,Bruen-Rolfson
118,David,Davis,Sterling,VA,hat,89,Cosmic Cobras,2021-01-04,21,
119,Ralph,Burke,Boston,MA,shirt,73,Angry Ants,2021-01-04,49,Ward LLC
120,Lori,Watson,Reston,VA,hat,80,Baffled Badgers,2021-01-04,53,"Douglas, Bernier and Klein"
121,Clarence,Reed,Waco,TX,shirt,90,Cosmic Cobras,2021-01-04,46,Wolff Inc
122,Debra,Scott,Santa Fe,NM,hat,72,Angry Ants,2021-01-04,28,Stracke Group
123,Victor,Johnson,Brooklyn,NY,shirt,97,Baffled Badgers,2021-01-04,23,"Kessler, Keeling and Terry"
124,Jason,Lynch,Greensboro,NC,shirt,95,Cosmic Cobras,2021-01-05,47,Ratke-Bosco
125,Eugene,Stewart,Greeley,CO,hat,81,Angry Ants,2021-01-05,29,
126,Johnny,Lopez,Rockford,IL,hat,87,Baffled Badgers,2021-01-05,34,Rodriguez Ltd.
127,Anna,Cooper,San Antonio,TX,shirt,96,Cosmic Cobras,2021-01-05,45,Goodwin LLC
128,Maria,Simmons,Bloomington,IN,shirt,73,Angry Ants,2021-01-05,25,"Morissette, Larkin and Murazik"
129,Billy,Gray,Columbia,SC,hat,85,Baffled Badgers,2021-01-05,37,"Hettinger, Corwin and Kautzer"
130,Jonathan,Cook,Portland,OR,shirt,92,Cosmic Cobras,2021-01-05,56,Rolfson-Barrows
131,Kevin,Nguyen,Portsmouth,NH,hat,70,Angry Ants,2021-01-05,42,"Borer, Kutch and Turcotte"
132,Cheryl,Myers,Honolulu,HI,shirt,94,Baffled Badgers,2021-01-05,45,
133,Ruth,Scott,Pittsburgh,PA,hat,87,Cosmic Cobras,2021-01-05,59,Hintz-Metz
134,Betty,Wilson,New York City,NY,hat,70,Angry Ants,2021-01-05,47,Wunsch-Stanton
135,Robin,Shaw,Wilmington,NC,shirt,90,Baffled Badgers,2021-01-05,56,Bosco-Thiel
136,Diana,Gonzales,San Jose,CA,hat,87,Cosmic Cobras,2021-01-05,24,Koelpin Group
137,Lawrence,Torres,Warren,MI,shirt,75,Angry Ants,2021-01-05,36,
138,Lillian,Rodriguez,Bridgeport,CT,hat,77,Baffled Badgers,2021-01-05,44,Quigley-Durgan
139,Stephanie,Martinez,Las Vegas,NV,shirt,85,Cosmic Cobras,2021-01-05,50,Towne-Zemlak
140,Andrew,Parker,Norwalk,CT,shirt,76,Angry Ants,2021-01-05,52,Weber-Lakin
141,Shawn,Thompson,Lubbock,TX,shirt,91,Baffled Badgers,2021-01-05,39,
142,Joyce,Payne,Santa Monica,CA,shirt,87,Cosmic Cobras,2021-01-05,44,Predovic Inc
143,Sandra,Green,Fort Wayne,IN,hat,85,Angry Ants,2021-01-05,31,Davis Ltd.
144,Ernest,Mills,San Jose,CA,shirt,79,Baffled Badgers,2021-01-05,31,
145,Janet,Brooks,Richmond,VA,shirt,88,Cosmic Cobras,2021-01-05,39,Kilback LLC
146,Jerry,Fisher,Wichita,KS,shirt,79,Angry Ants,2021-01-05,56,Balistreri Group
147,Rachel,Robinson,Atlanta,GA,hat,85,Baffled Badgers,2021-01-05,60,Marks LLC
148,Martin,Murray,Bridgeport,CT,shirt,96,Cosmic Cobras,2021-01-05,27,"Ruecker, Bruen and Maggio"
149,Gary,Young,Fayetteville,NC,hat,82,Angry Ants,2021-01-05,18,Ernser-Jast
150,Joan,Watkins,Minneapolis,MN,hat,85,Baffled Badgers,2021-01-05,23,Morissette Ltd.
151,Harold,Patterson,Fort Pierce,FL,shirt,90,Cosmic Cobras,2021-01-05,55,Gibson Group
152,Edward,Adams,New Orleans,LA,hat,78,Angry Ants,2021-01-05,51,"Gerlach, Upton and Maggio"
153,Andrew,Peterson,Farmington,MI,hat,84,Baffled Badgers,2021-01-05,32,Gulgowski Group
154,Jennifer,Morgan,Youngstown,OH,hat,95,Cosmic Cobras,2021-01-05,18,Muller-O'Kon
155,Larry,Cruz,Woburn,MA,hat,85,Angry Ants,2021-01-05,24,O'Hara-Veum
156,Ronald,Hughes,Los Angeles,CA,hat,92,Baffled Badgers,2021-01-05,29,"Langworth, Schaefer and Stanton"
157,Karen,Kelley,Naples,FL,hat,89,Cosmic Cobras,2021-01-05,60,"Senger, Casper and Koss"
158,Jacqueline,Stanley,Fort Lauderdale,FL,shirt,85,Angry Ants,2021-01-05,52,"Huel, Cummerata and Halvorson"
159,Larry,Gomez,Kansas City,MO,hat,87,Baffled Badgers,2021-01-05,57,Bergnaum-Marks
160,Kathryn,Welch,Olympia,WA,hat,100,Cosmic Cobras,2021-01-05,28,Mayert Ltd.
161,Phyllis,Webb,Odessa,TX,shirt,72,Angry Ants,2021-01-06,45,"Carroll, Yost and Lang"
162,Walter,Hughes,Long Beach,CA,hat,71,Baffled Badgers,2021-01-06,49,"Robel, Langworth and Kemmer"
163,Amy,Crawford,Phoenix,AZ,shirt,94,Cosmic Cobras,2021-01-06,43,Durgan Inc
164,Jeffrey,Dunn,San Diego,CA,shirt,74,Angry Ants,2021-01-06,59,Goyette-Kerluke
165,Joan,Wheeler,Birmingham,AL,shirt,85,Baffled Badgers,2021-01-06,36,O'Hara Group
166,Matthew,Castillo,Mobile,AL,shirt,94,Cosmic Cobras,2021-01-06,24,Jaskolski-Larson
167,Peter,Nelson,Tallahassee,FL,hat,76,Angry Ants,2021-01-06,53,"Steuber, Watsica and Little"
168,Jacqueline,Evans,Miami,FL,shirt,82,Baffled Badgers,2021-01-06,53,"Roob, Mohr and Baumbach"
169,Matthew,Nichols,Saint Louis,MO,shirt,97,Cosmic Cobras,2021-01-06,50,"Wolff, Powlowski and Nitzsche"
170,Keith,Gordon,Hartford,CT,shirt,83,Angry Ants,2021-01-06,20,Gulgowski-Smitham
171,Irene,Perkins,Lincoln,NE,shirt,81,Baffled Badgers,2021-01-06,19,"Lesch, Frami and Raynor"
172,Jack,Dean,Portland,OR,shirt,86,Cosmic Cobras,2021-01-06,60,Bayer-Hilll
173,Eugene,Jackson,Denver,CO,hat,79,Angry Ants,2021-01-06,38,O'Connell Inc
174,Tammy,Gonzales,Columbia,SC,shirt,92,Baffled Badgers,2021-01-06,48,
175,Carlos,Morrrison,Houston,TX,hat,87,Cosmic Cobras,2021-01-06,42,Hand Ltd.
176,Anna,Bryant,Durham,NC,hat,78,Angry Ants,2021-01-06,42,"Stroman, Bergstrom and Ryan"
177,Benjamin,Bowman,Orlando,FL,shirt,79,Baffled Badgers,2021-01-06,28,Sauer LLC
178,Lois,Coleman,Kansas City,MO,hat,92,Cosmic Cobras,2021-01-06,48,Krajcik Ltd.
179,Carolyn,Mills,Tampa,FL,shirt,80,Angry Ants,2021-01-06,56,Pollich-Rice
180,Deborah,Lee,San Francisco,CA,hat,84,Baffled Badgers,2021-01-06,50,Langosh Ltd.
181,Denise,Gutierrez,Abilene,TX,hat,93,Cosmic Cobras,2021-01-06,59,
182,Ryan,Ramos,Houston,TX,shirt,84,Angry Ants,2021-01-06,36,Haag-Rodriguez
183,Clarence,Watson,New York City,NY,shirt,94,Baffled Badgers,2021-01-06,28,Fisher LLC
184,Pamela,Chapman,Toledo,OH,shirt,87,Cosmic Cobras,2021-01-06,20,
185,Jesse,Stone,Oakland,CA,hat,74,Angry Ants,2021-01-06,45,Kiehn Inc
186,Jennifer,Medina,Birmingham,AL,shirt,92,Baffled Badgers,2021-01-06,30,Ullrich LLC
187,Jerry,Watkins,Daytona Beach,FL,hat,98,Cosmic Cobras,2021-01-06,34,Nader LLC
188,Kevin,Russell,Southfield,MI,shirt,81,Angry Ants,2021-01-06,22,
189,Brian,Carter,Philadelphia,PA,shirt,77,Baffled Badgers,2021-01-06,27,Gutmann Group
190,Phillip,Dixon,Brooklyn,NY,shirt,86,Cosmic Cobras,2021-01-06,19,O'Hara-O'Kon
191,Joan,Vasquez,El Paso,TX,shirt,85,Angry Ants,2021-01-07,42,"Luettgen, Cassin and Barrows"
192,William,Howard,Odessa,TX,hat,84,Baffled Badgers,2021-01-07,52,Nienow-Nitzsche
193,Bruce,Phillips,West Palm Beach,FL,hat,90,Cosmic Cobras,2021-01-07,29,Jacobson-Bins
194,Catherine,Dean,Cincinnati,OH,hat,85,Angry Ants,2021-01-07,44,Rau Inc
195,Raymond,Diaz,Columbus,OH,shirt,86,Baffled Badgers,2021-01-07,27,Goodwin LLC
196,Louis,Cole,San Bernardino,CA,shirt,93,Cosmic Cobras,2021-01-07,53,
197,Doris,Lane,Miami,FL,hat,78,Angry Ants,2021-01-07,44,Kub Ltd.
198,Marilyn,Ferguson,Grand Rapids,MI,shirt,87,Baffled Badgers,2021-01-07,35,McCullough Ltd.
199,Jose,Cooper,North Little Rock,AR,hat,89,Cosmic Cobras,2021-01-07,51,Glover Ltd.
200,Marilyn,Davis,Atlanta,GA,hat,80,Angry Ants,2021-01-07,43,Schinner Inc
201,Martha,Cruz,Hollywood,FL,hat,84,Baffled Badgers,2021-01-07,44,Ernser-Weimann
202,Keith,Harrison,San Diego,CA,shirt,80,Cosmic Cobras,2021-01-07,22,Pouros Inc
203,Emily,Elliott,Port Washington,NY,shirt,76,Angry Ants,2021-01-07,21,
204,Louis,Hanson,Honolulu,HI,shirt,78,Baffled Badgers,2021-01-07,36,Morissette-Kassulke
205,Gerald,Price,Harrisburg,PA,hat,89,Cosmic Cobras,2021-01-07,45,Dietrich Group
206,Kevin,Clark,Baton Rouge,LA,shirt,67,Angry Ants,2021-01-07,59,Braun-Rau
207,Arthur,Bishop,Tacoma,WA,hat,91,Baffled Badgers,2021-01-07,40,"Grady, Ruecker and Howell"
208,Judy,Ramirez,San Diego,CA,hat,90,Cosmic Cobras,2021-01-07,25,Brekke Group
209,Cheryl,Sims,Portland,OR,shirt,82,Angry Ants,2021-01-07,50,
210,Stephanie,Russell,Oklahoma City,OK,shirt,88,Baffled Badgers,2021-01-07,47,Hermiston LLC
211,Joan,Perkins,Annapolis,MD,hat,95,Cosmic Cobras,2021-01-07,41,
212,Lori,Johnson,Johnson City,TN,shirt,84,Angry Ants,2021-01-07,33,"Predovic, Borer and Hauck"
213,Debra,Frazier,Las Vegas,NV,hat,80,Baffled Badgers,2021-01-07,57,Baumbach LLC
214,Carl,Mendoza,Akron,OH,hat,90,Cosmic Cobras,2021-01-07,29,Hackett-Williamson
215,Nicole,Wallace,Silver Spring,MD,shirt,73,Angry Ants,2021-01-07,48,Batz Inc
216,Alice,Miller,Daytona Beach,FL,hat,91,Baffled Badgers,2021-01-07,52,Padberg-Cummings
217,Terry,Fernandez,Shawnee Mission,KS,hat,100,Cosmic Cobras,2021-01-07,24,
218,Ruth,Warren,Springfield,MA,hat,77,Angry Ants,2021-01-07,50,Waelchi-Smith
219,Linda,Matthews,Miami,FL,hat,92,Baffled Badgers,2021-01-07,58,"Boyer, Senger and Lemke"
220,Chris,Wilson,Lake Charles,LA,hat,87,Cosmic Cobras,2021-01-07,31,Hartmann-Kirlin
221,Susan,Welch,Rochester,NY,hat,81,Angry Ants,2021-01-07,36,"Hoeger, Boyle and Emard"
222,Todd,Ross,Houston,TX,hat,81,Baffled Badgers,2021-01-07,21,
223,Andrea,Hart,Charleston,WV,hat,91,Cosmic Cobras,2021-01-07,35,"Reinger, Hills and Anderson"
224,Gregory,Fields,Phoenix,AZ,hat,86,Angry Ants,2021-01-07,31,"Parisian, Blanda and Schinner"
225,Henry,Burns,Santa Ana,CA,shirt,84,Baffled Badgers,2021-01-07,24,Jerde-Yundt
226,Chris,Jenkins,Albany,NY,shirt,88,Cosmic Cobras,2021-01-07,45,Deckow-Hudson
227,Stephen,Carter,Dallas,TX,hat,79,Angry Ants,2021-01-07,36,Gottlieb-Cole
228,Doris,Washington,El Paso,TX,hat,85,Baffled Badgers,2021-01-08,36,Bruen-Stracke
229,Wayne,Young,Great Neck,NY,hat,89,Cosmic Cobras,2021-01-08,21,"O'Reilly, Pfeffer and Reichel"
230,Ashley,Harper,Nashville,TN,shirt,85,Angry Ants,2021-01-08,18,"Lockman, Goodwin and Waelchi"
231,Randy,Wells,San Francisco,CA,hat,94,Baffled Badgers,2021-01-08,32,
232,Susan,Dixon,San Francisco,CA,hat,89,Cosmic Cobras,2021-01-08,20,Reichel Ltd.
233,Katherine,Warren,Canton,OH,shirt,72,Angry Ants,2021-01-08,24,Bechtelar-Bosco
234,Thomas,Oliver,Santa Barbara,CA,hat,85,Baffled Badgers,2021-01-08,20,Friesen LLC
235,Harry,Freeman,Baltimore,MD,hat,87,Cosmic Cobras,2021-01-08,54,"Harris, Corkery and Ryan"
236,Gloria,Roberts,Bakersfield,CA,hat,76,Angry Ants,2021-01-08,21,"Roberts, Lynch and Nitzsche"
237,Dennis,Bishop,Sioux Falls,SD,hat,91,Baffled Badgers,2021-01-08,29,Goldner LLC
238,David,Roberts,Atlanta,GA,hat,89,Cosmic Cobras,2021-01-08,23,Conn-Ryan
239,Melissa,Palmer,Wichita,KS,shirt,81,Angry Ants,2021-01-08,59,
240,Gary,Greene,Mesa,AZ,hat,79,Baffled Badgers,2021-01-08,22,Moore-Rutherford
241,Joan,Elliott,Corona,CA,hat,90,Cosmic Cobras,2021-01-08,22,Hauck-Gerlach
242,Bonnie,Sanchez,Fort Smith,AR,shirt,78,Angry Ants,2021-01-08,42,Brekke-Romaguera
243,Thomas,Stewart,Atlanta,GA,shirt,77,Baffled Badgers,2021-01-08,28,"Toy, Marcus and Waters"
244,Gloria,Rogers,New York City,NY,shirt,98,Cosmic Cobras,2021-01-08,21,"Wuckert, Huels and Wilderman"
245,Brenda,Miller,Cincinnati,OH,hat,73,Angry Ants,2021-01-08,56,Schmeler-Miller
246,Keith,Scott,Tyler,TX,hat,73,Baffled Badgers,2021-01-08,31,Weber-Conn
247,Christopher,Kim,Oklahoma City,OK,hat,90,Cosmic Cobras,2021-01-08,42,"Sporer, VonRueden and Casper"
248,Thomas,Martin,Sacramento,CA,shirt,76,Angry Ants,2021-01-08,57,"Harris, Braun and Wisozk"
249,Terry,Bradley,Schenectady,NY,hat,94,Baffled Badgers,2021-01-08,37,"Deckow, Nikolaus and Considine"
250,Peter,Murray,Mobile,AL,hat,93,Cosmic Cobras,2021-01-08,38,"McDermott, Koch and Mayert"
251,Matthew,Kelly,Louisville,KY,hat,82,Angry Ants,2021-01-08,29,
252,David,Hunter,Albuquerque,NM,hat,78,Baffled Badgers,2021-01-08,41,Johns LLC
253,Darren,Phillips,Minneapolis,MN,hat,85,Cosmic Cobras,2021-01-08,53,
254,Teresa,Perkins,Madison,WI,hat,90,Angry Ants,2021-01-08,57,Wolf LLC
255,Ronald,Thomas,Tacoma,WA,hat,79,Baffled Badgers,2021-01-08,47,
256,Roy,Clark,Huntsville,AL,hat,83,Cosmic Cobras,2021-01-08,40,"Goldner, Gulgowski and Murazik"
257,Nancy,Sullivan,Corpus Christi,TX,hat,74,Angry Ants,2021-01-08,53,"Haag, Kerluke and Dach"
258,Willie,Elliott,Mesquite,TX,shirt,96,Baffled Badgers,2021-01-08,39,"Fay, Runte and Steuber"
259,Daniel,Williamson,San Francisco,CA,shirt,97,Cosmic Cobras,2021-01-08,26,Hand LLC
260,Gloria,Reed,Fort Worth,TX,hat,82,Angry Ants,2021-01-08,56,Little Ltd.
261,Adam,West,Colorado Springs,CO,hat,81,Baffled Badgers,2021-01-09,40,Sipes LLC
262,Janice,Peterson,Montgomery,AL,hat,89,Cosmic Cobras,2021-01-09,42,"Predovic, Baumbach and Denesik"
263,Matthew,Chavez,San Jose,CA,hat,77,Angry Ants,2021-01-09,51,Metz-Bartoletti
264,Christina,Graham,Las Vegas,NV,hat,90,Baffled Badgers,2021-01-09,43,Tremblay-Robel
265,Emily,Richards,Columbus,OH,hat,84,Cosmic Cobras,2021-01-09,40,Simonis-Wiegand
266,Lawrence,Ryan,Waterbury,CT,hat,78,Angry Ants,2021-01-09,27,"Runolfsdottir, O'Conner and Marvin"
267,Annie,Richards,Littleton,CO,shirt,79,Baffled Badgers,2021-01-09,45,Hilpert-Thompson
268,Norma,Simpson,North Hollywood,CA,hat,95,Cosmic Cobras,2021-01-09,55,
269,Larry,Cole,New York City,NY,hat,74,Angry Ants,2021-01-09,25,Emmerich-Bradtke
270,Victor,Gray,Columbus,OH,shirt,88,Baffled Badgers,2021-01-09,37,"Williamson, Mraz and D'Amore"
271,Lisa,Wallace,Louisville,KY,hat,89,Cosmic Cobras,2021-01-09,29,Marcus-Romaguera
272,Rose,Burton,Spring,TX,shirt,80,Angry Ants,2021-01-09,53,Reichel Group
273,Stephanie,Ryan,Buffalo,NY,hat,88,Baffled Badgers,2021-01-09,18,"Schroeder, Dickinson and Ryan"
274,Stephen,Howard,Phoenix,AZ,shirt,92,Cosmic Cobras,2021-01-09,40,Lesch-Kovacek
275,Sarah,Allen,Anaheim,CA,hat,76,Angry Ants,2021-01-09,29,
276,Ruth,Johnson,Kansas City,MO,shirt,80,Baffled Badgers,2021-01-09,22,"O'Connell, Mills and Wehner"
277,Christine,Jacobs,Lexington,KY,hat,88,Cosmic Cobras,2021-01-09,50,"Ondricka, Nitzsche and Lind"
278,Carolyn,Henry,Abilene,TX,shirt,74,Angry Ants,2021-01-09,31,"Leuschke, Collins and Rath"
279,Jeffrey,Sanchez,Bethlehem,PA,shirt,79,Baffled Badgers,2021-01-09,26,"Schuppe, Mayert and Morissette"
280,Todd,Mason,Oklahoma City,OK,hat,88,Cosmic Cobras,2021-01-09,41,Bednar LLC
281,Patricia,Riley,Louisville,KY,hat,76,Angry Ants,2021-01-09,36,"Moore, Hyatt and Blick"
282,Mark,George,Metairie,LA,shirt,85,Baffled Badgers,2021-01-09,38,"Morissette, Kutch and Koch"
283,Amy,Warren,Mount Vernon,NY,hat,92,Cosmic Cobras,2021-01-09,36,"Skiles, Leannon and Wyman"
284,Raymond,Stephens,Baltimore,MD,hat,75,Angry Ants,2021-01-09,25,Kuhn Group
285,Frances,Barnes,San Antonio,TX,shirt,81,Baffled Badgers,2021-01-09,29,Feest-Price
286,Earl,Green,Independence,MO,shirt,100,Cosmic Cobras,2021-01-09,56,Hauck-Wisozk
287,Janet,Ferguson,Florence,SC,shirt,79,Angry Ants,2021-01-09,25,Auer Ltd.
288,Antonio,Hart,Young America,MN,shirt,85,Baffled Badgers,2021-01-09,30,Feest Inc
289,Angela,Russell,Peoria,IL,hat,93,Cosmic Cobras,2021-01-09,37,"Hodkiewicz, Osinski and Larson"
290,Joyce,Perry,San Antonio,TX,hat,78,Angry Ants,2021-01-09,52,Reichert Ltd.
291,Robin,Gardner,Vero Beach,FL,hat,85,Baffled Badgers,2021-01-09,36,Morar-Yundt
292,Louis,Cole,Chicago,IL,shirt,98,Cosmic Cobras,2021-01-09,21,"Grady, Ernser and Wuckert"
293,Debra,Henry,Anderson,SC,hat,82,Angry Ants,2021-01-10,47,Pollich Group
294,Rebecca,Henderson,Peoria,IL,hat,88,Baffled Badgers,2021-01-10,37,Hirthe Group
295,Stephen,Fernandez,Chicago,IL,hat,97,Cosmic Cobras,2021-01-10,58,"Mante, Larkin and MacGyver"
296,Douglas,Freeman,Fort Lauderdale,FL,hat,83,Angry Ants,2021-01-10,40,"Vandervort, Bartoletti and Stanton"
297,Ruth,Peterson,El Paso,TX,hat,77,Baffled Badgers,2021-01-10,25,Harris-Heidenreich
298,Richard,Myers,Charlotte,NC,shirt,94,Cosmic Cobras,2021-01-10,60,"Schuster, Streich and Schaefer"
299,Steven,Green,Atlanta,GA,shirt,73,Angry Ants,2021-01-10,36,
300,Roy,Stanley,Harrisburg,PA,hat,89,Baffled Badgers,2021-01-10,31,Hintz Ltd.
301,Kathy,Riley,Memphis,TN,hat,97,Cosmic Cobras,2021-01-10,49,Cline Inc
302,Wayne,Gutierrez,Sioux Falls,SD,shirt,88,Angry Ants,2021-01-10,34,"Wehner, Beer and Fadel"
303,Jimmy,Wagner,Jackson,MS,hat,83,Baffled Badgers,2021-01-10,25,"Gusikowski, Gerlach and Kihn"
304,Annie,Kennedy,Punta Gorda,FL,hat,94,Cosmic Cobras,2021-01-10,38,Green-Kreiger
305,Martha,Gardner,Huntington,WV,shirt,72,Angry Ants,2021-01-10,59,Price-Effertz
306,Jennifer,Fowler,Albuquerque,NM,shirt,84,Baffled Badgers,2021-01-10,39,Baumbach Group
307,Steve,Gomez,Montgomery,AL,shirt,93,Cosmic Cobras,2021-01-10,24,Weissnat-Cremin
308,Andrew,Cox,Philadelphia,PA,shirt,81,Angry Ants,2021-01-10,25,Corkery LLC
309,Joseph,Howard,Baltimore,MD,shirt,84,Baffled Badgers,2021-01-10,33,"O'Keefe, Nader and Bartell"
310,Cynthia,Evans,San Antonio,TX,shirt,93,Cosmic Cobras,2021-01-10,55,"Emard, Ruecker and Halvorson"
311,Kevin,Fox,Birmingham,AL,hat,74,Angry Ants,2021-01-10,42,Lind-Bernier
312,George,White,Billings,MT,hat,85,Baffled Badgers,2021-01-10,36,Cremin-Pagac
313,Sandra,Bryant,Newport Beach,CA,hat,87,Cosmic Cobras,2021-01-10,52,
314,Linda,Garrett,Louisville,KY,hat,80,Angry Ants,2021-01-10,21,"Macejkovic, Orn and Smith"
315,Mark,Williams,Jacksonville,FL,hat,80,Baffled Badgers,2021-01-10,52,Mann Inc
316,Ashley,Burton,Milwaukee,WI,hat,88,Cosmic Cobras,2021-01-10,33,Lemke Inc
317,Patrick,Gordon,Spokane,WA,hat,79,Angry Ants,2021-01-10,25,"Walter, Gutmann and Berge"
318,Robin,Wheeler,Los Angeles,CA,hat,89,Baffled Badgers,2021-01-10,46,Hammes-Okuneva
319,Lillian,Kim,Richmond,VA,hat,90,Cosmic Cobras,2021-01-10,48,Connelly-Schinner
320,Katherine,Kennedy,Brooklyn,NY,hat,82,Angry Ants,2021-01-10,20,Nolan Group
321,William,Mason,Lexington,KY,hat,86,Baffled Badgers,2021-01-10,48,Pagac Ltd.
322,Deborah,Hanson,Palm Bay,FL,shirt,88,Cosmic Cobras,2021-01-10,37,"Stiedemann, Schaden and Lakin"
323,Jeremy,Boyd,San Antonio,TX,hat,90,Angry Ants,2021-01-11,37,"Osinski, Thompson and Haag"
324,Debra,Gonzalez,Milwaukee,WI,shirt,83,Baffled Badgers,2021-01-11,58,
325,Helen,Thompson,Dayton,OH,hat,92,Cosmic Cobras,2021-01-11,22,Lowe Inc
326,Henry,Kim,Bradenton,FL,shirt,80,Angry Ants,2021-01-11,33,Wintheiser LLC
327,Gerald,Ortiz,Bakersfield,CA,hat,85,Baffled Badgers,2021-01-11,59,Rohan Inc
328,Amy,Simpson,Akron,OH,shirt,90,Cosmic Cobras,2021-01-11,20,Schulist Ltd.
329,Joyce,Ward,Frankfort,KY,hat,69,Angry Ants,2021-01-11,35,"Wisoky, Reichel and Mante"
330,Cheryl,Elliott,Kansas City,MO,hat,79,Baffled Badgers,2021-01-11,57,Zemlak Ltd.
331,Bobby,Garrett,Shawnee Mission,KS,hat,92,Cosmic Cobras,2021-01-11,18,"Labadie, Legros and Reichert"
332,Betty,Hall,Oakland,CA,shirt,70,Angry Ants,2021-01-11,34,"Schinner, Emard and Osinski"
333,Andrew,Moreno,Fort Lauderdale,FL,hat,90,Baffled Badgers,2021-01-11,22,Hackett-Sipes
334,Judy,Johnson,High Point,NC,hat,89,Cosmic Cobras,2021-01-11,20,Bogisich Ltd.
335,John,White,Annapolis,MD,hat,78,Angry Ants,2021-01-11,26,Vandervort Inc
336,Anna,Brown,Murfreesboro,TN,shirt,82,Baffled Badgers,2021-01-11,24,Haag Inc
337,Harold,Richards,El Paso,TX,hat,91,Cosmic Cobras,2021-01-11,33,Hansen LLC
338,Shirley,Montgomery,Newton,MA,shirt,77,Angry Ants,2021-01-11,47,
339,Ryan,Webb,Burbank,CA,hat,82,Baffled Badgers,2021-01-11,24,Hickle Ltd.
340,Mary,Ruiz,San Angelo,TX,shirt,91,Cosmic Cobras,2021-01-11,41,Kris Group
341,Walter,Clark,Atlanta,GA,shirt,79,Angry Ants,2021-01-11,26,Wiza Group
342,Wanda,Torres,Winston Salem,NC,shirt,78,Baffled Badgers,2021-01-11,53,Jacobi Group
343,Darren,Harris,Denver,CO,shirt,92,Cosmic Cobras,2021-01-11,52,Dibbert-Rowe
344,Anna,Porter,Denver,CO,hat,82,Angry Ants,2021-01-11,28,"Weber, Herman and Hermann"
345,Bobby,Lynch,Oakland,CA,shirt,93,Baffled Badgers,2021-01-11,40,"Predovic, Witting and Koepp"
346,Jason,West,Fort Lauderdale,FL,hat,80,Cosmic Cobras,2021-01-11,43,Moore Ltd.
347,Deborah,Rivera,El Paso,TX,hat,89,Angry Ants,2021-01-11,58,Rosenbaum LLC
348,Carlos,Howell,Detroit,MI,hat,75,Baffled Badgers,2021-01-11,24,Ullrich Inc
349,Eugene,Ray,Chicago,IL,shirt,89,Cosmic Cobras,2021-01-11,38,"Carroll, Weber and Smith"
350,Philip,Hudson,Sioux City,IA,hat,77,Angry Ants,2021-01-11,22,Marvin-Simonis
351,Sean,Lane,Greensboro,NC,hat,89,Baffled Badgers,2021-01-11,43,Gerlach-White
352,Christina,Richardson,Charlotte,NC,hat,91,Cosmic Cobras,2021-01-11,41,Cartwright Group
353,Ronald,Gibson,Sacramento,CA,hat,83,Angry Ants,2021-01-11,32,
354,Carolyn,Carter,Las Vegas,NV,hat,94,Baffled Badgers,2021-01-11,30,Beatty Inc
355,Justin,Stanley,Spokane,WA,hat,90,Cosmic Cobras,2021-01-11,33,Koepp Group
356,Jennifer,Garrett,Saint Petersburg,FL,shirt,90,Angry Ants,2021-01-11,46,"Osinski, Greenholt and Spencer"
357,Kimberly,Chavez,Idaho Falls,ID,hat,80,Baffled Badgers,2021-01-11,45,Will Inc
358,Walter,Hamilton,Albany,NY,hat,86,Cosmic Cobras,2021-01-11,41,Glover-Reynolds
359,Joan,Barnes,Irving,TX,hat,69,Angry Ants,2021-01-12,28,
360,Kathy,Collins,Salt Lake City,UT,hat,90,Baffled Badgers,2021-01-12,59,Johnston-Marcus
361,Keith,Fox,Lansing,MI,shirt,92,Cosmic Cobras,2021-01-12,29,"Bailey, Farrell and Kuvalis"
362,Kathryn,Day,Sacramento,CA,hat,79,Angry Ants,2021-01-12,51,Beahan Inc
363,Nancy,Murphy,Fort Lauderdale,FL,shirt,88,Baffled Badgers,2021-01-12,36,Marcus-Raynor
364,Stephen,Snyder,Springfield,MO,shirt,88,Cosmic Cobras,2021-01-12,22,"Armstrong, Herman and Wisoky"
365,Mildred,Ortiz,San Francisco,CA,hat,72,Angry Ants,2021-01-12,44,"Vandervort, Larson and Ferry"
366,Philip,Arnold,Glendale,CA,hat,86,Baffled Badgers,2021-01-12,60,Renner-Corkery
367,Edward,Ross,Houston,TX,shirt,89,Cosmic Cobras,2021-01-12,24,Gislason LLC
368,Phyllis,Clark,Norfolk,VA,shirt,81,Angry Ants,2021-01-12,53,
369,Melissa,Franklin,Boise,ID,shirt,86,Baffled Badgers,2021-01-12,24,Bednar LLC
370,Todd,Richards,San Jose,CA,hat,83,Cosmic Cobras,2021-01-12,18,Schulist-Mills
371,Jason,Daniels,Boston,MA,shirt,71,Angry Ants,2021-01-12,54,Heathcote LLC
372,Emily,Marshall,San Antonio,TX,shirt,90,Baffled Badgers,2021-01-12,22,Sanford LLC
373,Christine,Rivera,Fayetteville,NC,hat,89,Cosmic Cobras,2021-01-12,28,"Beatty, Predovic and Oberbrunner"
374,Beverly,Garza,El Paso,TX,shirt,77,Angry Ants,2021-01-12,58,Abernathy LLC
375,Julie,Grant,Albany,NY,hat,83,Baffled Badgers,2021-01-12,19,Fadel Group
376,Raymond,Butler,Midland,TX,hat,93,Cosmic Cobras,2021-01-12,48,Hackett-Metz
377,Carl,Greene,Augusta,GA,shirt,79,Angry Ants,2021-01-12,37,"Stroman, Nikolaus and Feest"
378,Sandra,Lawrence,Van Nuys,CA,shirt,81,Baffled Badgers,2021-01-12,41,Nikolaus-Mann
379,Joshua,Perkins,Corpus Christi,TX,hat,79,Cosmic Cobras,2021-01-12,57,Frami-Lynch
380,Angela,Duncan,Miami Beach,FL,hat,85,Angry Ants,2021-01-12,45,Stoltenberg-Lakin
381,Eric,Turner,Akron,OH,hat,87,Baffled Badgers,2021-01-12,52,Murphy Inc
382,Charles,Matthews,Vienna,VA,shirt,94,Cosmic Cobras,2021-01-12,21,
383,Phyllis,George,Kansas City,MO,hat,81,Angry Ants,2021-01-12,43,Herman-Borer
384,Frank,West,Corpus Christi,TX,shirt,79,Baffled Badgers,2021-01-12,46,Lockman-Russel
385,Paula,Bishop,Naples,FL,shirt,90,Cosmic Cobras,2021-01-12,40,"Feeney, White and Corwin"
386,Kathryn,Banks,Rochester,NY,shirt,79,Angry Ants,2021-01-12,45,"Predovic, Beahan and Bahringer"
387,Stephanie,Ruiz,Palo Alto,CA,hat,81,Baffled Badgers,2021-01-12,18,"Sanford, Blick and Beer"
388,Linda,Gonzalez,Chicago,IL,shirt,96,Cosmic Cobras,2021-01-13,18,Little-Armstrong
389,Patrick,Hunt,Spartanburg,SC,shirt,75,Angry Ants,2021-01-13,55,
390,Christopher,Hunter,Peoria,IL,hat,82,Baffled Badgers,2021-01-13,46,Harvey LLC
391,Jesse,Jones,Grand Rapids,MI,shirt,92,Cosmic Cobras,2021-01-13,53,
392,Bruce,Stone,Lynn,MA,hat,82,Angry Ants,2021-01-13,32,Baumbach Ltd.
393,Maria,Morgan,Moreno Valley,CA,shirt,78,Baffled Badgers,2021-01-13,23,
394,Sara,Payne,Springfield,MA,shirt,88,Cosmic Cobras,2021-01-13,49,Emmerich-Gleason
395,Shirley,Graham,Tulsa,OK,hat,83,Angry Ants,2021-01-13,36,
396,Joyce,Henry,San Jose,CA,hat,77,Baffled Badgers,2021-01-13,34,"Lockman, Conroy and Lind"
397,Angela,Cunningham,Milwaukee,WI,hat,94,Cosmic Cobras,2021-01-13,36,
398,Beverly,Hudson,Kansas City,KS,hat,83,Angry Ants,2021-01-13,32,Ruecker-Moen
399,Jacqueline,Payne,Dayton,OH,shirt,86,Baffled Badgers,2021-01-13,46,"Abernathy, Crona and Watsica"
400,Ryan,Hayes,Houston,TX,hat,84,Cosmic Cobras,2021-01-13,53,Spencer-Toy
401,Gloria,Reynolds,Port Charlotte,FL,hat,85,Angry Ants,2021-01-13,39,Becker-Heller
402,Irene,Bowman,Lincoln,NE,hat,80,Baffled Badgers,2021-01-13,28,"Gleichner, Mohr and Casper"
403,Aaron,Jacobs,Albuquerque,NM,shirt,92,Cosmic Cobras,2021-01-13,53,
404,Gerald,Freeman,Macon,GA,shirt,83,Angry Ants,2021-01-13,30,Mayer-Kilback
405,Clarence,Williamson,Raleigh,NC,hat,80,Baffled Badgers,2021-01-13,37,Lesch-Grady
406,Barbara,Garza,North Little Rock,AR,shirt,90,Cosmic Cobras,2021-01-13,45,Lang Inc
407,Earl,Ruiz,Hampton,VA,hat,71,Angry Ants,2021-01-13,34,"Mayert, Huel and Greenholt"
408,Eric,Martinez,Charlotte,NC,shirt,80,Baffled Badgers,2021-01-13,38,Conroy-Bednar
409,Lori,Burke,Los Angeles,CA,shirt,86,Cosmic Cobras,2021-01-13,31,Fisher LLC
410,Cheryl,Phillips,Portland,OR,shirt,72,Angry Ants,2021-01-13,39,Prosacco LLC
411,Thomas,Rivera,New York City,NY,hat,83,Baffled Badgers,2021-01-13,44,Morissette-Lang
412,Howard,Ramirez,Greensboro,NC,hat,80,Cosmic Cobras,2021-01-13,56,Johns Group
413,Frank,Willis,Hampton,VA,hat,83,Angry Ants,2021-01-13,43,Cummerata LLC
414,Anne,Porter,Fort Lauderdale,FL,shirt,76,Baffled Badgers,2021-01-13,50,"Smith, Mertz and Sawayn"
415,Louis,Cox,Young America,MN,hat,90,Cosmic Cobras,2021-01-13,45,Mitchell-Nolan
416,Cynthia,Powell,Odessa,TX,shirt,86,Angry Ants,2021-01-13,57,Jaskolski-Wiegand
417,Jimmy,Willis,Denver,CO,shirt,85,Baffled Badgers,2021-01-13,51,McKenzie LLC
418,Jimmy,Price,San Francisco,CA,shirt,95,Cosmic Cobras,2021-01-13,23,Bartell-Armstrong
419,Virginia,Howell,Alexandria,VA,hat,81,Angry Ants,2021-01-13,38,"Deckow, Wilkinson and Stoltenberg"
420,Catherine,King,Philadelphia,PA,hat,83,Baffled Badgers,2021-01-13,22,Auer Group
421,Margaret,Hughes,Roanoke,VA,shirt,89,Cosmic Cobras,2021-01-13,31,Upton-Considine
422,Matthew,Robinson,San Francisco,CA,hat,79,Angry Ants,2021-01-14,45,Gerhold Ltd.
423,Lois,Gordon,Kalamazoo,MI,hat,86,Baffled Badgers,2021-01-14,20,Senger LLC
424,Barbara,Hunt,El Paso,TX,shirt,88,Cosmic Cobras,2021-01-14,21,
425,George,Gonzalez,Naperville,IL,shirt,81,Angry Ants,2021-01-14,50,Heidenreich LLC
426,Cynthia,Alexander,Jersey City,NJ,hat,92,Baffled Badgers,2021-01-14,54,"Berge, Nicolas and Hahn"
427,Debra,Hughes,Brooksville,FL,shirt,85,Cosmic Cobras,2021-01-14,23,
428,Amy,Hart,Indianapolis,IN,hat,88,Angry Ants,2021-01-14,24,"Stroman, White and Bosco"
429,Rebecca,Murray,Omaha,NE,shirt,85,Baffled Badgers,2021-01-14,29,Braun-Keebler
430,Christina,Gibson,West Palm Beach,FL,shirt,84,Cosmic Cobras,2021-01-14,18,Bernhard-Lemke
431,Edward,Campbell,Tucson,AZ,hat,79,Angry Ants,2021-01-14,43,Torphy LLC
432,Martha,Bell,Richmond,VA,hat,77,Baffled Badgers,2021-01-14,51,"Blanda, Eichmann and Smitham"
433,Louise,Fisher,Stamford,CT,hat,82,Cosmic Cobras,2021-01-14,43,Braun-Rodriguez
434,John,Sanders,Augusta,GA,shirt,72,Angry Ants,2021-01-14,38,Dickinson-Brakus
435,Gloria,Wells,New York City,NY,hat,79,Baffled Badgers,2021-01-14,21,Friesen-Ferry
436,Phillip,Hansen,Dallas,TX,shirt,92,Cosmic Cobras,2021-01-14,37,Hahn-Runolfsdottir
437,Gloria,Olson,Troy,MI,hat,71,Angry Ants,2021-01-14,41,Ratke Group
438,Keith,Butler,Wichita,KS,hat,82,Baffled Badgers,2021-01-14,35,Hilpert Ltd.
439,Terry,Grant,San Jose,CA,hat,92,Cosmic Cobras,2021-01-14,36,"Wiza, Rau and Hauck"
440,Willie,Elliott,Denver,CO,shirt,86,Angry Ants,2021-01-14,28,
441,Kelly,Burns,San Francisco,CA,hat,79,Baffled Badgers,2021-01-14,19,Denesik-Balistreri
442,Cheryl,Kim,Pasadena,CA,shirt,93,Cosmic Cobras,2021-01-14,24,Pagac-Harris
443,Rebecca,Hayes,San Francisco,CA,hat,68,Angry Ants,2021-01-14,29,Breitenberg-Lesch
444,Denise,Lawson,San Francisco,CA,shirt,87,Baffled Badgers,2021-01-14,18,Mohr Ltd.
445,Catherine,Lewis,Youngstown,OH,shirt,94,Cosmic Cobras,2021-01-14,36,Paucek-Muller
446,Marie,Reynolds,El Paso,TX,shirt,81,Angry Ants,2021-01-14,41,Heidenreich-Stroman
447,Anna,Porter,Charleston,WV,shirt,87,Baffled Badgers,2021-01-14,30,"Powlowski, Hilll and Kovacek"
448,Russell,Jackson,Arlington,TX,shirt,93,Cosmic Cobras,2021-01-14,39,Wunsch-Reynolds
449,Rose,Jones,Littleton,CO,hat,87,Angry Ants,2021-01-14,37,Corkery-Johnston
450,Samuel,Berry,Boston,MA,hat,82,Baffled Badgers,2021-01-14,26,Boehm-Larkin
451,Juan,Murphy,Evansville,IN,hat,90,Cosmic Cobras,2021-01-14,36,Bruen Ltd.
452,Chris,Castillo,Duluth,MN,shirt,76,Angry Ants,2021-01-14,25,
453,Johnny,Jacobs,Springfield,IL,hat,80,Baffled Badgers,2021-01-14,46,"Klocko, Ernser and Carter"
454,Walter,Medina,Pittsburgh,PA,hat,88,Cosmic Cobras,2021-01-14,48,"O'Kon, Schneider and Harber"
455,Marie,Hawkins,Tulsa,OK,shirt,76,Angry Ants,2021-01-14,18,"Hyatt, Rath and Torp"
456,Joe,Owens,San Francisco,CA,shirt,78,Baffled Badgers,2021-01-14,55,"Rippin, Olson and Weimann"
457,Helen,Fuller,New York City,NY,shirt,93,Cosmic Cobras,2021-01-15,59,Hermiston-Corkery
458,Ashley,Fisher,Saint Paul,MN,shirt,79,Angry Ants,2021-01-15,38,Keeling Ltd.
459,Kathy,Gilbert,Las Vegas,NV,hat,84,Baffled Badgers,2021-01-15,43,"Predovic, Schultz and Predovic"
460,Charles,Diaz,Birmingham,AL,hat,90,Cosmic Cobras,2021-01-15,26,Corkery-Hoeger
461,Anthony,Palmer,Gainesville,GA,hat,78,Angry Ants,2021-01-15,31,Kihn-Dach
462,Judy,Armstrong,Shreveport,LA,shirt,84,Baffled Badgers,2021-01-15,52,Tremblay-Fay
463,Raymond,Bailey,Virginia Beach,VA,hat,97,Cosmic Cobras,2021-01-15,26,Hamill-Parker
464,Rebecca,Peterson,Jackson,MS,shirt,81,Angry Ants,2021-01-15,58,Lockman-Leffler
465,Emily,Johnson,Syracuse,NY,hat,85,Baffled Badgers,2021-01-15,31,Rau-Pouros
466,Frank,Perkins,Rochester,NY,hat,94,Cosmic Cobras,2021-01-15,27,Collier-Kuhn
467,Bonnie,Gibson,Boston,MA,hat,73,Angry Ants,2021-01-15,46,"Torphy, Sporer and Moore"
468,Evelyn,Austin,Albuquerque,NM,hat,87,Baffled Badgers,2021-01-15,19,Keeling Group
469,Raymond,Moore,Cleveland,OH,hat,88,Cosmic Cobras,2021-01-15,30,
470,Todd,Fields,San Diego,CA,shirt,84,Angry Ants,2021-01-15,23,Rodriguez-McGlynn
471,Willie,Kennedy,Alexandria,VA,shirt,77,Baffled Badgers,2021-01-15,42,
472,Philip,Foster,Dallas,TX,hat,92,Cosmic Cobras,2021-01-15,35,Volkman-Block
473,Doris,Jenkins,San Francisco,CA,shirt,80,Angry Ants,2021-01-15,30,"Shields, Lind and Legros"
474,Terry,Peters,Manassas,VA,shirt,84,Baffled Badgers,2021-01-15,24,Mann-Turner
475,Brandon,Hayes,Raleigh,NC,shirt,93,Cosmic Cobras,2021-01-15,59,West-Hintz
476,Lori,Jones,Salt Lake City,UT,hat,75,Angry Ants,2021-01-15,29,"Zboncak, Kuhn and Ebert"
477,Louise,Howard,Oakland,CA,shirt,81,Baffled Badgers,2021-01-15,30,"Armstrong, Hoeger and Walker"
478,Michelle,Mason,Seattle,WA,hat,77,Cosmic Cobras,2021-01-15,27,Gibson-Grant
479,Julie,Mason,Reston,VA,hat,79,Angry Ants,2021-01-15,43,"Russel, Weimann and Sawayn"
480,Catherine,Peters,Port Charlotte,FL,hat,85,Baffled Badgers,2021-01-15,41,
481,Ryan,Holmes,San Francisco,CA,hat,87,Cosmic Cobras,2021-01-15,50,Kuhn-Emard
482,Sara,Morales,Pensacola,FL,shirt,79,Angry Ants,2021-01-15,32,Brekke-Waelchi
483,Charles,Grant,Louisville,KY,hat,85,Baffled Badgers,2021-01-15,57,Brakus-Reichert
484,Matthew,Mendoza,Mobile,AL,shirt,86,Cosmic Cobras,2021-01-16,31,Sauer-Pouros
485,Fred,Walker,Baltimore,MD,shirt,82,Angry Ants,2021-01-16,24,Satterfield Group
486,Philip,Brown,Van Nuys,CA,hat,94,Baffled Badgers,2021-01-16,53,Kemmer LLC
487,Irene,Crawford,Huntington Beach,CA,hat,93,Cosmic Cobras,2021-01-16,47,"Botsford, Kirlin and Brekke"
488,Ruth,Murphy,New Hyde Park,NY,hat,76,Angry Ants,2021-01-16,35,"Kunze, Bauch and Ebert"
489,Laura,Lopez,Huntington,WV,shirt,93,Baffled Badgers,2021-01-16,18,Legros Group
490,Carl,Olson,Reno,NV,hat,86,Cosmic Cobras,2021-01-16,29,"Schmitt, Goodwin and Wilderman"
491,Amy,Matthews,Fort Wayne,IN,hat,75,Angry Ants,2021-01-16,24,Torphy-Johnston
492,Teresa,Ford,Seattle,WA,shirt,73,Baffled Badgers,2021-01-16,39,Steuber Ltd.
493,Julia,Hawkins,Grand Rapids,MI,shirt,81,Cosmic Cobras,2021-01-16,60,"Skiles, Predovic and Conroy"
494,Raymond,Romero,Fort Myers,FL,shirt,87,Angry Ants,2021-01-16,59,Von-Walter
495,Donna,Flores,Cincinnati,OH,hat,89,Baffled Badgers,2021-01-16,22,Green Group
496,Ernest,Fowler,Concord,CA,hat,96,Cosmic Cobras,2021-01-16,31,
497,Anna,Chapman,Helena,MT,hat,82,Angry Ants,2021-01-16,21,O'Conner Inc
498,Patricia,Ryan,Dayton,OH,hat,83,Baffled Badgers,2021-01-16,53,Hoppe Group
499,Jose,Butler,Norwalk,CT,hat,88,Cosmic Cobras,2021-01-16,33,Bahringer Inc
500,Donna,Daniels,Irving,TX,hat,78,Angry Ants,2021-01-16,35,Schaden-Christiansen
501,Stephen,Wallace,Boston,MA,hat,94,Baffled Badgers,2021-01-16,41,Bayer-Brekke
502,Annie,Jackson,Omaha,NE,hat,93,Cosmic Cobras,2021-01-16,30,Koch LLC
503,Phyllis,Hicks,Saint Louis,MO,hat,75,Angry Ants,2021-01-16,40,"Pfeffer, Strosin and Dicki"
504,Jacqueline,Rivera,Scranton,PA,shirt,83,Baffled Badgers,2021-01-16,40,Gislason-Nikolaus
505,Carl,Boyd,South Bend,IN,shirt,86,Cosmic Cobras,2021-01-16,38,Marks-Rath
506,Patricia,James,Gulfport,MS,shirt,77,Angry Ants,2021-01-16,58,"Schuppe, Hauck and Lindgren"
507,Christine,James,Albany,NY,shirt,87,Baffled Badgers,2021-01-16,21,Kreiger-Dickinson
508,William,Black,Philadelphia,PA,hat,94,Cosmic Cobras,2021-01-16,28,Homenick-Purdy
509,Michael,Hill,Trenton,NJ,hat,74,Angry Ants,2021-01-16,59,"Schaden, Schaefer and Wiza"
510,Maria,Harrison,Pueblo,CO,shirt,89,Baffled Badgers,2021-01-16,45,Dickinson Ltd.
511,Andrew,Mason,Tulsa,OK,hat,90,Cosmic Cobras,2021-01-16,24,"D'Amore, Franecki and Hintz"
512,Dennis,Gordon,Richmond,CA,shirt,84,Angry Ants,2021-01-16,33,Beier-Wintheiser
513,William,Martinez,Concord,CA,hat,89,Baffled Badgers,2021-01-16,22,Roberts Ltd.
514,Angela,Elliott,Fullerton,CA,shirt,87,Cosmic Cobras,2021-01-16,53,Doyle-Murazik
515,Eugene,Welch,Tuscaloosa,AL,hat,79,Angry Ants,2021-01-16,53,O'Keefe Ltd.
516,Linda,Bowman,Tampa,FL,hat,85,Baffled Badgers,2021-01-16,35,"Ortiz, Rippin and Hudson"
517,Anna,Perkins,Champaign,IL,shirt,92,Cosmic Cobras,2021-01-16,52,Waelchi LLC
518,Doris,Hunter,Boynton Beach,FL,hat,76,Angry Ants,2021-01-16,24,Hilpert LLC
519,Justin,Olson,Panama City,FL,hat,87,Baffled Badgers,2021-01-17,31,Mann Inc
520,Joan,Young,Nashville,TN,shirt,81,Cosmic Cobras,2021-01-17,43,
521,Terry,Stanley,Ocala,FL,shirt,82,Angry Ants,2021-01-17,46,"Ferry, Bartoletti and Prohaska"
522,Alice,Bennett,Palm Bay,FL,hat,81,Baffled Badgers,2021-01-17,18,"Reichel, Miller and Effertz"
523,Walter,Kelly,Cleveland,OH,hat,87,Cosmic Cobras,2021-01-17,44,Stokes-Schultz
524,Debra,Daniels,Dallas,TX,hat,77,Angry Ants,2021-01-17,26,"Kuhic, VonRueden and Kohler"
525,Brian,Matthews,Philadelphia,PA,hat,90,Baffled Badgers,2021-01-17,21,Toy Ltd.
526,Gerald,Shaw,El Paso,TX,shirt,88,Cosmic Cobras,2021-01-17,55,"Hermann, Nitzsche and Mueller"
527,Emily,Gutierrez,Fort Myers,FL,shirt,85,Angry Ants,2021-01-17,23,
528,Phillip,Crawford,Dallas,TX,hat,83,Baffled Badgers,2021-01-17,28,Balistreri Ltd.
529,Sarah,Ryan,Louisville,KY,shirt,92,Cosmic Cobras,2021-01-17,31,"Keebler, Huels and Heaney"
530,Jack,Harvey,Charlotte,NC,hat,87,Angry Ants,2021-01-17,40,"Hayes, Blick and Brekke"
531,Mary,Gray,Syracuse,NY,hat,74,Baffled Badgers,2021-01-17,18,Orn Inc
532,Jack,Martinez,Stamford,CT,hat,87,Cosmic Cobras,2021-01-17,38,Sipes Group
533,Deborah,Johnston,Pasadena,CA,hat,83,Angry Ants,2021-01-17,39,
534,Frank,Gutierrez,San Jose,CA,shirt,85,Baffled Badgers,2021-01-17,27,Stehr LLC
535,Margaret,Arnold,Denver,CO,shirt,92,Cosmic Cobras,2021-01-17,49,"Gulgowski, Marks and Johnson"
536,Michael,Kelly,Savannah,GA,hat,79,Angry Ants,2021-01-17,41,Blanda-Wilkinson
537,Brandon,Hicks,Dallas,TX,hat,78,Baffled Badgers,2021-01-17,59,Rice Inc
538,Judy,Black,Hollywood,FL,hat,87,Cosmic Cobras,2021-01-17,58,Mertz-Auer
539,Edward,Hart,Birmingham,AL,hat,81,Angry Ants,2021-01-17,31,Predovic-Osinski
540,Justin,Snyder,San Francisco,CA,shirt,88,Baffled Badgers,2021-01-17,20,Littel-Wilderman
541,Virginia,Harvey,Paterson,NJ,hat,93,Cosmic Cobras,2021-01-17,23,"Schuppe, Lang and Harvey"
542,Paula,Williamson,Houston,TX,shirt,83,Angry Ants,2021-01-17,45,"Wyman, Tremblay and Mertz"
543,Harry,Welch,Rochester,MN,hat,92,Baffled Badgers,2021-01-17,27,Wehner Group
544,Norma,Robertson,Stockton,CA,shirt,83,Cosmic Cobras,2021-01-18,56,"Mante, Powlowski and Ryan"
545,Steven,Fox,Buffalo,NY,hat,79,Angry Ants,2021-01-18,37,"Turcotte, Hegmann and Auer"
546,Jeffrey,Martinez,Tampa,FL,shirt,87,Baffled Badgers,2021-01-18,44,Kilback Inc
547,Alan,Wagner,Spartanburg,SC,shirt,96,Cosmic Cobras,2021-01-18,34,"Fritsch, Powlowski and Smith"
548,Randy,Ellis,Kansas City,MO,shirt,78,Angry Ants,2021-01-18,33,
549,Charles,Torres,Huntsville,AL,hat,79,Baffled Badgers,2021-01-18,28,"Cline, Corwin and Gottlieb"
550,Ralph,Fisher,Brooklyn,NY,shirt,88,Cosmic Cobras,2021-01-18,22,"Wilderman, Ullrich and Collier"
551,Anne,Franklin,Roanoke,VA,shirt,79,Angry Ants,2021-01-18,39,Nienow Ltd.
552,Joe,Ellis,Memphis,TN,hat,93,Baffled Badgers,2021-01-18,26,"Feeney, Koepp and McKenzie"
553,Jeremy,Martin,New York City,NY,hat,88,Cosmic Cobras,2021-01-18,38,
554,Sandra,Ferguson,Boca Raton,FL,hat,74,Angry Ants,2021-01-18,54,
555,Charles,Hansen,Corpus Christi,TX,hat,80,Baffled Badgers,2021-01-18,26,Haley-Luettgen
556,Benjamin,Thompson,Elmira,NY,shirt,90,Cosmic Cobras,2021-01-18,42,"Kuphal, Pouros and Weimann"
557,Lisa,Riley,Rochester,NY,hat,79,Angry Ants,2021-01-18,52,Breitenberg-Russel
558,Susan,Pierce,Pensacola,FL,hat,89,Baffled Badgers,2021-01-18,18,
559,Victor,Owens,Chicago,IL,shirt,89,Cosmic Cobras,2021-01-18,21,Lemke-Christiansen
560,Carlos,Graham,New Orleans,LA,hat,76,Angry Ants,2021-01-18,35,Reynolds LLC
561,Shawn,Spencer,Dayton,OH,shirt,76,Baffled Badgers,2021-01-18,40,
562,Steven,Foster,Pensacola,FL,hat,95,Cosmic Cobras,2021-01-18,23,"Rodriguez, Gorczany and Hickle"
563,Daniel,Woods,Glendale,CA,shirt,78,Angry Ants,2021-01-18,37,Weber Inc
564,Stephanie,Flores,Lincoln,NE,hat,86,Baffled Badgers,2021-01-18,50,Harris Ltd.
565,Fred,Williamson,Louisville,KY,hat,93,Cosmic Cobras,2021-01-18,45,Friesen-Heathcote
566,Heather,Foster,Youngstown,OH,hat,85,Angry Ants,2021-01-18,40,Greenholt-Gulgowski
567,Arthur,Carroll,Birmingham,AL,hat,85,Baffled Badgers,2021-01-18,42,O'Conner Ltd.
568,Steve,Cook,Las Vegas,NV,hat,86,Cosmic Cobras,2021-01-18,31,Graham-Bednar
569,Jane,Simmons,Richmond,VA,shirt,80,Angry Ants,2021-01-18,44,"Barrows, Jenkins and Roberts"
570,Martin,Richardson,Minneapolis,MN,hat,87,Baffled Badgers,2021-01-18,24,"Ortiz, Lubowitz and Brekke"
571,Bruce,Ross,Stockton,CA,hat,86,Cosmic Cobras,2021-01-18,53,"Schaden, Grant and Hoeger"
572,Theresa,Fox,Sacramento,CA,hat,81,Angry Ants,2021-01-18,54,Zieme Group
573,Keith,Perez,Long Beach,CA,hat,92,Baffled Badgers,2021-01-18,46,"Crooks, Roberts and Beahan"
574,Michael,Wagner,Santa Barbara,CA,shirt,86,Cosmic Cobras,2021-01-18,52,Wilkinson-O'Keefe
575,Kathy,Ellis,Simi Valley,CA,hat,80,Angry Ants,2021-01-18,55,Treutel Inc
576,Cynthia,Carroll,Monticello,MN,hat,82,Baffled Badgers,2021-01-18,24,Stracke Ltd.
577,Bruce,Wallace,Raleigh,NC,hat,84,Cosmic Cobras,2021-01-18,30,"Towne, Mueller and Gusikowski"
578,Diana,Torres,Denver,CO,hat,78,Angry Ants,2021-01-18,51,"Rowe, Fay and Bosco"
579,Craig,Payne,Phoenix,AZ,hat,83,Baffled Badgers,2021-01-18,39,MacGyver LLC
580,Melissa,Olson,Littleton,CO,hat,98,Cosmic Cobras,2021-01-18,45,"Fahey, Goodwin and Borer"
581,Michelle,Marshall,Little Rock,AR,hat,87,Angry Ants,2021-01-18,32,Dach Group
582,Charles,Green,Los Angeles,CA,hat,84,Baffled Badgers,2021-01-19,51,Lehner-Lubowitz
583,Shawn,Ryan,Tucson,AZ,hat,88,Cosmic Cobras,2021-01-19,54,Larson LLC
584,Rose,Garcia,West Hartford,CT,shirt,85,Angry Ants,2021-01-19,20,Hansen Inc
585,Wayne,McDarren,Indianapolis,IN,hat,79,Baffled Badgers,2021-01-19,21,Carter LLC
586,Evelyn,Peters,Lima,OH,shirt,82,Cosmic Cobras,2021-01-19,28,Kshlerin Group
587,Walter,Andrews,New Brunswick,NJ,shirt,75,Angry Ants,2021-01-19,43,Kautzer Group
588,Joyce,Morgan,Denver,CO,hat,81,Baffled Badgers,2021-01-19,60,"Little, Kunze and Emard"
589,Jack,Butler,Maple Plain,MN,hat,82,Cosmic Cobras,2021-01-19,58,"Keeling, Kozey and Casper"
590,Lois,Hart,Kansas City,KS,shirt,84,Angry Ants,2021-01-19,25,Bartell-D'Amore
591,Earl,Watkins,Hagerstown,MD,shirt,80,Baffled Badgers,2021-01-19,26,Renner-Kub
592,Ernest,Peters,Shawnee Mission,KS,hat,90,Cosmic Cobras,2021-01-19,26,"Beer, Wolf and Cruickshank"
593,Jacqueline,Patterson,Cleveland,OH,shirt,88,Angry Ants,2021-01-19,18,"Turcotte, Blanda and Wyman"
594,Benjamin,Hernandez,Garden Grove,CA,hat,89,Baffled Badgers,2021-01-19,58,Wintheiser Ltd.
595,Eugene,Hansen,Springfield,MO,shirt,90,Cosmic Cobras,2021-01-19,27,Gutmann-Berge
596,Katherine,Perkins,Atlanta,GA,hat,73,Angry Ants,2021-01-19,28,Feil-Deckow
597,Sara,Lawson,Trenton,NJ,shirt,82,Baffled Badgers,2021-01-19,35,Crona LLC
598,Raymond,Stephens,Modesto,CA,shirt,89,Cosmic Cobras,2021-01-19,19,Dare-Muller
599,Wanda,Perez,Las Vegas,NV,shirt,90,Angry Ants,2021-01-19,43,"Kerluke, Shields and Klocko"
600,Joyce,Bennett,Hicksville,NY,shirt,82,Baffled Badgers,2021-01-19,35,"Keebler, Schaden and Bogan"
601,Earl,Russell,Naples,FL,hat,94,Cosmic Cobras,2021-01-19,33,Haag Inc
602,Shirley,Walker,Bethesda,MD,hat,89,Angry Ants,2021-01-19,21,"Hudson, Halvorson and Brakus"
603,Andrew,Lane,Odessa,TX,hat,81,Baffled Badgers,2021-01-19,38,Lindgren-Schowalter
604,Ruby,Mendoza,Beaumont,TX,hat,85,Cosmic Cobras,2021-01-19,25,Ernser-Bauch
605,Linda,Rivera,San Diego,CA,hat,80,Angry Ants,2021-01-19,44,Lehner-Jenkins
606,Douglas,Mills,Oklahoma City,OK,shirt,89,Baffled Badgers,2021-01-19,38,
607,Anthony,Morris,Cincinnati,OH,hat,91,Cosmic Cobras,2021-01-19,19,Bernier Group
608,Irene,Gibson,Sacramento,CA,shirt,75,Angry Ants,2021-01-19,55,"Glover, Batz and Williamson"
609,Michelle,Roberts,Long Beach,CA,hat,84,Baffled Badgers,2021-01-19,52,"Vandervort, Paucek and Sipes"
610,Kelly,Lewis,Atlanta,GA,hat,95,Cosmic Cobras,2021-01-19,23,"Greenfelder, Denesik and Rolfson"
611,Ralph,Medina,Montgomery,AL,shirt,76,Angry Ants,2021-01-19,30,Price Ltd.
612,Kathy,West,Corpus Christi,TX,hat,82,Baffled Badgers,2021-01-19,27,Dietrich-Tillman
613,Eric,Morgan,Charlotte,NC,hat,77,Cosmic Cobras,2021-01-19,30,Lebsack-Kihn
614,Gerald,Wagner,Columbia,MO,shirt,78,Angry Ants,2021-01-19,18,
615,Alice,Brown,El Paso,TX,hat,84,Baffled Badgers,2021-01-19,43,"Beatty, Feeney and Howe"
616,Dennis,Lopez,Alexandria,VA,shirt,84,Cosmic Cobras,2021-01-19,36,"Hyatt, Streich and Ortiz"
617,Kenneth,Campbell,Louisville,KY,shirt,77,Angry Ants,2021-01-19,50,"Gutmann, Barrows and Price"
618,Philip,Crawford,South Bend,IN,shirt,88,Baffled Badgers,2021-01-19,46,Goldner-Stokes
619,Anna,Foster,Huntsville,AL,hat,83,Cosmic Cobras,2021-01-19,31,Schaefer-Cummings
620,Jacqueline,Montgomery,Saint Paul,MN,shirt,81,Angry Ants,2021-01-19,55,Steuber-Gottlieb
621,Sara,Wallace,High Point,NC,hat,81,Baffled Badgers,2021-01-19,43,Mayer-Auer
622,Jennifer,Reynolds,Houston,TX,hat,88,Cosmic Cobras,2021-01-19,39,"Reilly, Ledner and Labadie"
623,Maria,Martin,Silver Spring,MD,shirt,65,Angry Ants,2021-01-20,58,Schowalter LLC
624,Ruth,Taylor,Tulsa,OK,hat,81,Baffled Badgers,2021-01-20,46,Schmidt Ltd.
625,Frank,Grant,New Orleans,LA,shirt,97,Cosmic Cobras,2021-01-20,56,"Fay, Schinner and Herman"
626,Brandon,Green,Shawnee Mission,KS,hat,76,Angry Ants,2021-01-20,50,Hintz-Tillman
627,Teresa,Stephens,Houston,TX,shirt,85,Baffled Badgers,2021-01-20,47,Pacocha-Donnelly
628,Helen,Reyes,Norfolk,VA,hat,88,Cosmic Cobras,2021-01-20,54,Terry Inc
629,Douglas,Stanley,College Station,TX,hat,79,Angry Ants,2021-01-20,23,"Paucek, Bernier and Leuschke"
630,Shawn,Hayes,Corpus Christi,TX,shirt,83,Baffled Badgers,2021-01-20,18,Dach-Koepp
631,Kathleen,Watson,Baton Rouge,LA,shirt,88,Cosmic Cobras,2021-01-20,36,Wilderman-Ebert
632,Ann,Holmes,Birmingham,AL,hat,76,Angry Ants,2021-01-20,55,"Satterfield, Keebler and Kihn"
633,Teresa,Sullivan,Jacksonville,FL,shirt,80,Baffled Badgers,2021-01-20,42,Pollich-Gutmann
634,Kenneth,Fisher,Columbia,SC,hat,92,Cosmic Cobras,2021-01-20,18,West-Dibbert
635,Shirley,Chavez,Missoula,MT,hat,77,Angry Ants,2021-01-20,41,"Dicki, Spencer and Hamill"
636,Keith,Knight,Orlando,FL,hat,85,Baffled Badgers,2021-01-20,21,Jerde-Ondricka
637,Ruby,Kelley,Raleigh,NC,hat,96,Cosmic Cobras,2021-01-20,18,Langworth-Ledner
638,Jane,Powell,Terre Haute,IN,hat,73,Angry Ants,2021-01-20,49,Brekke Group
639,Carolyn,Ruiz,Omaha,NE,hat,81,Baffled Badgers,2021-01-20,56,Cormier Ltd.
640,Benjamin,Duncan,Hollywood,FL,hat,84,Cosmic Cobras,2021-01-20,31,Bailey Ltd.
641,Harold,Gonzales,Phoenix,AZ,shirt,85,Angry Ants,2021-01-20,23,"Cassin, Flatley and Wintheiser"
642,Ruth,Alvarez,Concord,CA,shirt,81,Baffled Badgers,2021-01-20,52,Schiller LLC
643,Debra,Bennett,Raleigh,NC,shirt,99,Cosmic Cobras,2021-01-20,34,Hudson Ltd.
644,Cheryl,Burns,Phoenix,AZ,hat,81,Angry Ants,2021-01-20,55,Kessler-Lakin
645,Deborah,Murray,Decatur,GA,shirt,90,Baffled Badgers,2021-01-20,27,"Mante, Hessel and Ziemann"
646,Arthur,Dunn,Indianapolis,IN,hat,91,Cosmic Cobras,2021-01-20,28,"Ledner, Kuvalis and Bogan"
647,Jose,Hunt,Phoenix,AZ,hat,80,Angry Ants,2021-01-20,53,Zemlak-Halvorson
648,Ashley,Ramirez,Buffalo,NY,hat,86,Baffled Badgers,2021-01-21,51,Russel LLC
649,Brenda,Green,Birmingham,AL,shirt,82,Cosmic Cobras,2021-01-21,49,Hilll Inc
650,Janet,Carroll,Honolulu,HI,shirt,75,Angry Ants,2021-01-21,20,Rosenbaum-Gottlieb
651,Susan,Greene,Alexandria,VA,hat,90,Baffled Badgers,2021-01-21,26,"West, Volkman and Kerluke"
652,Sean,Webb,Los Angeles,CA,hat,87,Cosmic Cobras,2021-01-21,37,Stark LLC
653,Wayne,Ryan,Pinellas Park,FL,shirt,82,Angry Ants,2021-01-21,29,Schumm Group
654,Lillian,Cunningham,Baton Rouge,LA,hat,85,Baffled Badgers,2021-01-21,19,Considine Group
655,Jason,Knight,Phoenix,AZ,shirt,93,Cosmic Cobras,2021-01-21,40,"McGlynn, Hudson and Rodriguez"
656,Bobby,Stewart,Dayton,OH,hat,84,Angry Ants,2021-01-21,50,
657,Matthew,Franklin,Hartford,CT,hat,87,Baffled Badgers,2021-01-21,36,Kovacek-Schumm
658,Andrea,Carpenter,Silver Spring,MD,shirt,85,Cosmic Cobras,2021-01-21,31,
659,Russell,Peterson,Lexington,KY,shirt,86,Angry Ants,2021-01-21,23,Ebert-Crooks
660,Keith,Peters,Springfield,IL,hat,88,Baffled Badgers,2021-01-21,55,DuBuque Inc
661,Roger,Hill,Toledo,OH,shirt,87,Cosmic Cobras,2021-01-21,27,"Kozey, Heidenreich and Schmidt"
662,Joyce,Edwards,Austin,TX,shirt,83,Angry Ants,2021-01-21,40,Kilback-Hintz
663,Melissa,Hunt,Portland,OR,shirt,91,Baffled Badgers,2021-01-21,53,Swift Inc
664,Brian,Frazier,Huntington,WV,hat,94,Cosmic Cobras,2021-01-21,58,"Heller, Balistreri and Mraz"
665,Jimmy,Harrison,Atlanta,GA,shirt,77,Angry Ants,2021-01-21,30,Gislason-Mueller
666,Eugene,Perry,Saint Louis,MO,hat,89,Baffled Badgers,2021-01-21,44,Willms Group
667,Sarah,Johnston,Miami,FL,hat,87,Cosmic Cobras,2021-01-21,20,Dickinson Group
668,Joshua,Green,Orlando,FL,shirt,79,Angry Ants,2021-01-21,42,"Jacobson, Herman and Zboncak"
669,Patrick,Barnes,Redwood City,CA,shirt,81,Baffled Badgers,2021-01-21,50,Russel-Bartoletti
670,Aaron,Alexander,Philadelphia,PA,shirt,84,Cosmic Cobras,2021-01-21,18,"Ferry, Keeling and Langworth"
671,Emily,Carroll,Bethesda,MD,hat,80,Angry Ants,2021-01-21,43,Oberbrunner-Dicki
672,Thomas,Williamson,Cincinnati,OH,hat,83,Baffled Badgers,2021-01-21,58,Hessel Ltd.
673,Julia,Williams,Salt Lake City,UT,hat,84,Cosmic Cobras,2021-01-21,39,"Crist, Wyman and Johnston"
674,Norma,Willis,Gainesville,FL,hat,82,Angry Ants,2021-01-21,25,Thompson-Rosenbaum
675,Daniel,Hunt,Pueblo,CO,hat,84,Baffled Badgers,2021-01-21,28,O'Conner-Schinner
676,Adam,Richardson,Ocala,FL,hat,89,Cosmic Cobras,2021-01-21,50,Prosacco LLC
677,Russell,Crawford,Richmond,VA,hat,82,Angry Ants,2021-01-21,50,Pacocha-Kilback
678,Denise,Fuller,Denver,CO,shirt,89,Baffled Badgers,2021-01-21,46,Ward-Effertz
679,Stephanie,Carpenter,Buffalo,NY,hat,89,Cosmic Cobras,2021-01-21,36,Gulgowski-Bartoletti
680,Nicholas,Peters,West Palm Beach,FL,hat,77,Angry Ants,2021-01-21,55,Pagac-Cartwright
681,Nancy,Henderson,Minneapolis,MN,hat,77,Baffled Badgers,2021-01-21,18,
682,Linda,Hanson,Indianapolis,IN,shirt,89,Cosmic Cobras,2021-01-22,24,Turner-Bruen
683,Wanda,Hernandez,Scranton,PA,shirt,84,Angry Ants,2021-01-22,56,"Altenwerth, Zboncak and Marks"
684,Annie,Collins,San Antonio,TX,hat,81,Baffled Badgers,2021-01-22,46,"Daniel, Wilkinson and Schmitt"
685,Brandon,Perkins,Kansas City,MO,shirt,95,Cosmic Cobras,2021-01-22,23,Miller-Kirlin
686,Justin,Dean,Tacoma,WA,hat,81,Angry Ants,2021-01-22,21,Huel-Lebsack
687,Kimberly,Payne,Springfield,MO,hat,79,Baffled Badgers,2021-01-22,25,Kris LLC
688,Edward,Hicks,Bakersfield,CA,hat,98,Cosmic Cobras,2021-01-22,41,"Parker, Block and Hyatt"
689,Jeremy,Cunningham,Portland,OR,shirt,67,Angry Ants,2021-01-22,21,Sawayn Ltd.
690,Jennifer,Warren,Alexandria,VA,hat,92,Baffled Badgers,2021-01-22,54,Bauch Inc
691,Anna,Arnold,Memphis,TN,shirt,89,Cosmic Cobras,2021-01-22,41,
692,Jennifer,Lopez,Charlotte,NC,hat,81,Angry Ants,2021-01-22,24,Kilback-Frami
693,Ernest,Woods,Dallas,TX,hat,85,Baffled Badgers,2021-01-22,48,"Mann, Crist and Ziemann"
694,Steve,Jenkins,Boston,MA,hat,85,Cosmic Cobras,2021-01-22,26,Medhurst Ltd.
695,James,Little,Fresno,CA,shirt,81,Angry Ants,2021-01-22,42,Simonis Inc
696,Kenneth,Gomez,Van Nuys,CA,shirt,84,Baffled Badgers,2021-01-22,35,
697,Helen,Stanley,Van Nuys,CA,shirt,89,Cosmic Cobras,2021-01-22,22,"Swaniawski, Weber and Rolfson"
698,Ann,Gonzales,Iowa City,IA,shirt,86,Angry Ants,2021-01-22,18,Renner LLC
699,Denise,Lawson,San Antonio,TX,shirt,86,Baffled Badgers,2021-01-22,44,Veum LLC
700,Rebecca,Cunningham,Wichita Falls,TX,hat,87,Cosmic Cobras,2021-01-22,52,"Zieme, Botsford and Kemmer"
701,Evelyn,Oliver,Lima,OH,shirt,79,Angry Ants,2021-01-22,50,Grady-Harber
702,Johnny,Wells,Detroit,MI,shirt,91,Baffled Badgers,2021-01-22,23,"Eichmann, Effertz and Ledner"
703,Harold,Collins,Boston,MA,hat,86,Cosmic Cobras,2021-01-22,29,Dare-Huel
704,Michelle,Baker,Boca Raton,FL,hat,85,Angry Ants,2021-01-22,35,Von-Bashirian
705,Adam,Knight,Augusta,GA,hat,90,Baffled Badgers,2021-01-22,39,Collier LLC
706,Carl,Pierce,Chesapeake,VA,hat,93,Cosmic Cobras,2021-01-22,33,Hoeger Inc
707,Chris,Jacobs,Oklahoma City,OK,hat,85,Angry Ants,2021-01-22,51,Jones-Zboncak
708,Thomas,Hanson,Richmond,VA,hat,84,Baffled Badgers,2021-01-22,33,Rempel-Rutherford
709,Edward,Sanchez,San Francisco,CA,hat,90,Cosmic Cobras,2021-01-22,50,Koch-Hudson
710,Jose,Carroll,Daytona Beach,FL,hat,82,Angry Ants,2021-01-22,18,"Bergnaum, Bauch and Hickle"
711,Stephen,Hughes,West Palm Beach,FL,shirt,85,Baffled Badgers,2021-01-22,21,Leffler Ltd.
712,Rebecca,Hicks,Fort Worth,TX,shirt,83,Cosmic Cobras,2021-01-22,48,Bins Group
713,Adam,Ford,Saint Louis,MO,hat,77,Angry Ants,2021-01-22,56,Bogan Group
714,Louis,Stone,Indianapolis,IN,shirt,94,Baffled Badgers,2021-01-22,42,Wuckert-Wilderman
715,Sharon,Oliver,Oklahoma City,OK,shirt,93,Cosmic Cobras,2021-01-22,52,
716,Gerald,West,Decatur,GA,shirt,76,Angry Ants,2021-01-22,37,
717,David,Wheeler,Humble,TX,hat,81,Baffled Badgers,2021-01-22,57,"Gerlach, Tillman and Mosciski"
718,Ann,Moore,Nashville,TN,shirt,92,Cosmic Cobras,2021-01-22,35,"Kuhlman, Leannon and Harber"
719,Jimmy,Carr,Tampa,FL,shirt,86,Angry Ants,2021-01-22,19,"Hudson, Bogan and Cline"
720,Ruby,Richards,Buffalo,NY,hat,85,Baffled Badgers,2021-01-22,41,
721,Barbara,Bryant,San Diego,CA,hat,80,Cosmic Cobras,2021-01-22,36,Jerde Inc
722,Dennis,Hicks,Springfield,VA,hat,85,Angry Ants,2021-01-22,50,"Dach, Schuster and Rodriguez"
723,Tammy,Wagner,Fresno,CA,hat,88,Baffled Badgers,2021-01-23,51,
724,Julia,Carroll,El Paso,TX,hat,92,Cosmic Cobras,2021-01-23,31,Prohaska Group
725,Rebecca,Reed,Brooklyn,NY,shirt,82,Angry Ants,2021-01-23,50,Johnston-Murray
726,Mark,Holmes,Lancaster,PA,shirt,72,Baffled Badgers,2021-01-23,27,Franecki Inc
727,Earl,Simmons,Spokane,WA,hat,97,Cosmic Cobras,2021-01-23,42,Simonis Inc
728,Tina,Fox,Fayetteville,NC,hat,77,Angry Ants,2021-01-23,43,Crist-Cartwright
729,Maria,Mitchell,Dayton,OH,shirt,91,Baffled Badgers,2021-01-23,46,Fadel-Wiegand
730,Betty,Welch,Aurora,CO,shirt,91,Cosmic Cobras,2021-01-23,54,Zemlak-McDermott
731,Steve,West,San Francisco,CA,shirt,71,Angry Ants,2021-01-23,38,"Rice, Crist and Kulas"
732,Ruth,Jones,Houston,TX,hat,91,Baffled Badgers,2021-01-23,27,
733,Mary,Myers,Boise,ID,hat,88,Cosmic Cobras,2021-01-23,29,"Towne, Spencer and Mante"
734,Christina,Lynch,Cincinnati,OH,shirt,80,Angry Ants,2021-01-23,38,Crona-MacGyver
735,Ashley,Riley,Baltimore,MD,shirt,76,Baffled Badgers,2021-01-23,25,"Macejkovic, Marks and Stamm"
736,Carolyn,Griffin,Evansville,IN,hat,89,Cosmic Cobras,2021-01-23,27,"Olson, Dicki and Rogahn"
737,Clarence,Olson,Denver,CO,hat,80,Angry Ants,2021-01-23,40,"Monahan, Walker and Bechtelar"
738,Ruby,Daniels,Minneapolis,MN,shirt,86,Baffled Badgers,2021-01-23,53,Wyman-Toy
739,Janice,Bailey,Trenton,NJ,shirt,77,Cosmic Cobras,2021-01-23,41,Auer-Donnelly
740,Nancy,Rivera,Atlanta,GA,shirt,82,Angry Ants,2021-01-23,52,Hills-Maggio
741,Alan,Butler,Philadelphia,PA,shirt,90,Baffled Badgers,2021-01-23,24,Kulas LLC
742,Barbara,Howard,Sacramento,CA,shirt,89,Cosmic Cobras,2021-01-23,57,Collier Ltd.
743,Christine,Reyes,Louisville,KY,shirt,78,Angry Ants,2021-01-23,25,"Johns, Johns and Schimmel"
744,Debra,Garrett,Panama City,FL,shirt,78,Baffled Badgers,2021-01-23,59,Rosenbaum LLC
745,Ruby,Burton,San Francisco,CA,hat,93,Cosmic Cobras,2021-01-23,57,"Kris, Hackett and Murray"
746,Gerald,Harrison,Biloxi,MS,hat,84,Angry Ants,2021-01-23,35,"Kling, Crist and Eichmann"
747,Michelle,Carr,Fort Pierce,FL,hat,86,Baffled Badgers,2021-01-23,52,Ankunding-Cormier
748,Shirley,Payne,Young America,MN,shirt,98,Cosmic Cobras,2021-01-23,28,Bins Ltd.
749,Ashley,Rice,Irvine,CA,hat,76,Angry Ants,2021-01-23,46,"Heidenreich, Renner and Schulist"
750,Christine,Marshall,Spokane,WA,hat,82,Baffled Badgers,2021-01-23,26,Runolfsson LLC
751,Donna,Armstrong,Portland,OR,hat,84,Cosmic Cobras,2021-01-23,57,Torp-Leuschke
752,Juan,Walker,El Paso,TX,hat,81,Angry Ants,2021-01-23,37,Kertzmann-Bayer
753,Wanda,Alexander,Portland,OR,hat,80,Baffled Badgers,2021-01-23,28,Gorczany-Bogisich
754,Sharon,Roberts,San Antonio,TX,hat,91,Cosmic Cobras,2021-01-23,54,Dicki-Kub
755,Bruce,Mills,Alexandria,VA,shirt,86,Angry Ants,2021-01-23,58,Ankunding Ltd.
756,Eugene,Flores,Boca Raton,FL,hat,87,Baffled Badgers,2021-01-23,25,"Wintheiser, Abernathy and Ankunding"
757,Randy,Washington,Olympia,WA,shirt,91,Cosmic Cobras,2021-01-23,51,Pfeffer-Cole
758,Irene,Morgan,San Francisco,CA,hat,67,Angry Ants,2021-01-24,32,"Hermann, Keeling and Ernser"
759,Louise,Stewart,Evansville,IN,shirt,85,Baffled Badgers,2021-01-24,36,Toy Ltd.
760,Earl,Jenkins,Omaha,NE,shirt,91,Cosmic Cobras,2021-01-24,58,Maggio-Reynolds
761,Jacqueline,Fisher,Saint Louis,MO,hat,76,Angry Ants,2021-01-24,19,"Reinger, O'Hara and Kihn"
762,Judy,Andrews,Winston Salem,NC,shirt,83,Baffled Badgers,2021-01-24,25,"Padberg, MacGyver and Kohler"
763,Jennifer,Thomas,Jacksonville,FL,shirt,85,Cosmic Cobras,2021-01-24,42,Hettinger Inc
764,George,Nguyen,Saint Louis,MO,hat,77,Angry Ants,2021-01-24,46,Hane-Schoen
765,Judith,Barnes,Bronx,NY,hat,87,Baffled Badgers,2021-01-24,34,"King, Kuhlman and Klein"
766,Ronald,Nelson,Kansas City,MO,shirt,92,Cosmic Cobras,2021-01-24,32,"Mante, Lakin and Beatty"
767,Randy,Day,Phoenix,AZ,hat,84,Angry Ants,2021-01-24,28,Schowalter Ltd.
768,Earl,Evans,Memphis,TN,hat,94,Baffled Badgers,2021-01-24,54,"Kerluke, Anderson and Reynolds"
769,Michelle,Hawkins,Phoenix,AZ,hat,90,Cosmic Cobras,2021-01-24,35,"Emard, Gulgowski and Wolf"
770,Benjamin,Sims,Durham,NC,shirt,77,Angry Ants,2021-01-24,56,Harvey LLC
771,Craig,Ortiz,Grand Forks,ND,shirt,72,Baffled Badgers,2021-01-24,49,Dietrich LLC
772,Nicole,Moreno,New York City,NY,hat,91,Cosmic Cobras,2021-01-24,32,Ernser-Lynch
773,Kenneth,Gilbert,Anderson,IN,hat,72,Angry Ants,2021-01-24,57,Boyle-Marks
774,Janice,Bryant,Hartford,CT,shirt,88,Baffled Badgers,2021-01-24,51,
775,Sean,Reed,Santa Rosa,CA,shirt,90,Cosmic Cobras,2021-01-24,59,Huel-Littel
776,Jeremy,Tucker,Las Vegas,NV,hat,80,Angry Ants,2021-01-24,32,Lynch-Reichert
777,Keith,Pierce,Fresno,CA,hat,87,Baffled Badgers,2021-01-24,22,
778,Roger,Tucker,New York City,NY,hat,93,Cosmic Cobras,2021-01-24,57,"Thompson, Lubowitz and Leuschke"
779,Sean,Gibson,Philadelphia,PA,shirt,86,Angry Ants,2021-01-24,41,"Borer, Cummings and Wunsch"
780,Shirley,Ramirez,Saint Louis,MO,hat,88,Baffled Badgers,2021-01-24,27,Kunze-Gutmann
781,Janet,Reynolds,New York City,NY,hat,91,Cosmic Cobras,2021-01-24,35,"Stamm, Volkman and Wilderman"
782,Joyce,Wells,Rockford,IL,shirt,74,Angry Ants,2021-01-24,57,"Kilback, Parker and Reichel"
783,Ralph,Morales,Toledo,OH,shirt,79,Baffled Badgers,2021-01-24,48,"Schimmel, Donnelly and Halvorson"
784,Julia,Lee,Knoxville,TN,hat,100,Cosmic Cobras,2021-01-24,40,Cartwright Inc
785,Shawn,Jordan,Houston,TX,shirt,82,Angry Ants,2021-01-24,57,
786,Richard,Patterson,Charlottesville,VA,hat,91,Baffled Badgers,2021-01-24,24,"Thiel, Kirlin and Morissette"
787,Eugene,Martinez,Dayton,OH,hat,79,Cosmic Cobras,2021-01-24,60,Jast-Lesch
788,Phillip,James,Tallahassee,FL,shirt,85,Angry Ants,2021-01-24,30,Kiehn-Muller
789,Anne,Romero,Reading,PA,hat,86,Baffled Badgers,2021-01-24,37,Kuhic-Ratke
790,Pamela,Payne,South Bend,IN,hat,97,Cosmic Cobras,2021-01-25,20,"Swift, Lang and Stoltenberg"
791,Russell,Green,Atlanta,GA,hat,81,Angry Ants,2021-01-25,43,"Jenkins, Senger and Gulgowski"
792,Patricia,Cooper,Orlando,FL,shirt,92,Baffled Badgers,2021-01-25,56,"Dickens, Anderson and Boyle"
793,Randy,Brown,Young America,MN,shirt,88,Cosmic Cobras,2021-01-25,22,
794,Tammy,Nichols,Miami,FL,shirt,89,Angry Ants,2021-01-25,36,Hackett Group
795,Frank,Nguyen,Seattle,WA,shirt,85,Baffled Badgers,2021-01-25,58,"Langosh, Graham and Prohaska"
796,Jennifer,Cooper,Akron,OH,shirt,93,Cosmic Cobras,2021-01-25,45,"Lebsack, Nitzsche and Schmeler"
797,Todd,Lopez,Brooklyn,NY,shirt,84,Angry Ants,2021-01-25,20,
798,Julie,Bell,Punta Gorda,FL,shirt,99,Baffled Badgers,2021-01-25,45,
799,Timothy,Powell,Stockton,CA,shirt,91,Cosmic Cobras,2021-01-25,41,Morissette-Auer
800,Randy,Johnston,New York City,NY,shirt,88,Angry Ants,2021-01-25,32,Parisian-Windler
801,Joe,Gray,Salt Lake City,UT,shirt,86,Baffled Badgers,2021-01-25,45,Fadel-McCullough
802,Norma,Cunningham,Brockton,MA,shirt,86,Cosmic Cobras,2021-01-25,46,Gutkowski Inc
803,Teresa,Day,Colorado Springs,CO,shirt,86,Angry Ants,2021-01-25,31,"O'Connell, Larson and Schiller"
804,Ashley,Reid,San Diego,CA,shirt,82,Baffled Badgers,2021-01-25,48,Runolfsson-Emard
805,Arthur,Lawson,Salt Lake City,UT,shirt,89,Cosmic Cobras,2021-01-25,53,Little-Botsford
806,Brian,Stevens,Shreveport,LA,shirt,82,Angry Ants,2021-01-25,37,Konopelski-Kirlin
807,Louise,Garcia,Saint Paul,MN,hat,90,Baffled Badgers,2021-01-25,49,Wolf-Ullrich
808,Bobby,Frazier,Fort Worth,TX,shirt,90,Cosmic Cobras,2021-01-25,46,Bernier-Rippin
809,Martin,Simpson,Houston,TX,shirt,82,Angry Ants,2021-01-25,19,
810,Gary,Parker,Albany,NY,hat,83,Baffled Badgers,2021-01-25,36,Russel-Collier
811,Brandon,Lopez,Columbus,OH,hat,87,Cosmic Cobras,2021-01-25,28,"Klocko, Bahringer and Funk"
812,Louis,Watson,Norman,OK,shirt,76,Angry Ants,2021-01-25,18,"Altenwerth, Romaguera and Crooks"
813,Mark,Franklin,New York City,NY,shirt,78,Baffled Badgers,2021-01-25,56,"Kulas, Schamberger and Crona"
814,Daniel,George,Scranton,PA,hat,93,Cosmic Cobras,2021-01-25,60,"Runte, Little and Koch"
815,Patrick,Watkins,San Francisco,CA,hat,82,Angry Ants,2021-01-25,37,Gutmann LLC
816,Billy,Banks,San Francisco,CA,shirt,92,Baffled Badgers,2021-01-25,35,Bauch-Kuhn
817,Emily,Berry,Tacoma,WA,hat,95,Cosmic Cobras,2021-01-25,53,Howell Inc
818,Heather,Little,Saint Petersburg,FL,shirt,75,Angry Ants,2021-01-25,43,
819,Nancy,Shaw,Pittsburgh,PA,hat,90,Baffled Badgers,2021-01-25,57,Roberts-Carter
820,Jesse,Garcia,Dallas,TX,hat,87,Cosmic Cobras,2021-01-25,42,Cartwright Group
821,Gloria,Crawford,Warren,MI,shirt,83,Angry Ants,2021-01-25,31,"Schmitt, O'Kon and Okuneva"
822,Eric,Gardner,Bloomington,IN,hat,93,Baffled Badgers,2021-01-25,46,Hartmann LLC
823,Margaret,Weaver,Oklahoma City,OK,hat,89,Cosmic Cobras,2021-01-25,31,"Hermann, Farrell and Trantow"
824,Aaron,Davis,New York City,NY,hat,83,Angry Ants,2021-01-25,46,"Frami, Dibbert and Kuphal"
825,William,Carroll,Denver,CO,hat,89,Baffled Badgers,2021-01-25,20,Fahey-Rodriguez
826,Justin,Washington,San Antonio,TX,hat,92,Cosmic Cobras,2021-01-25,22,Rosenbaum-Glover
827,Ann,Adams,Mesa,AZ,shirt,75,Angry Ants,2021-01-25,44,Kirlin Inc
828,Brandon,Greene,Naples,FL,hat,77,Baffled Badgers,2021-01-25,35,Erdman-Nolan
829,Deborah,Meyer,Saint Louis,MO,hat,91,Cosmic Cobras,2021-01-25,30,Herman-Kuhic
830,Marie,Riley,New Castle,PA,hat,72,Angry Ants,2021-01-25,46,Harris-Stoltenberg
831,Howard,Morris,New Orleans,LA,hat,85,Baffled Badgers,2021-01-25,49,
832,Bruce,King,Wichita,KS,hat,81,Cosmic Cobras,2021-01-25,46,"Yundt, McCullough and Gleichner"
833,Marilyn,Williams,Lancaster,PA,hat,78,Angry Ants,2021-01-25,32,"Leannon, Armstrong and Gerlach"
834,Stephen,Grant,Jamaica,NY,hat,89,Baffled Badgers,2021-01-26,26,Becker-Franecki
835,Brian,Berry,Mobile,AL,shirt,91,Cosmic Cobras,2021-01-26,33,"Senger, Bashirian and O'Hara"
836,Michael,Scott,Ashburn,VA,hat,74,Angry Ants,2021-01-26,52,Reichel-Anderson
837,Rebecca,Jones,Norfolk,VA,hat,79,Baffled Badgers,2021-01-26,42,"Rolfson, Wolff and Pouros"
838,Jane,Lopez,North Little Rock,AR,hat,88,Cosmic Cobras,2021-01-26,60,Deckow-Lehner
839,Nicole,Chavez,Portland,OR,shirt,79,Angry Ants,2021-01-26,36,Keeling Group
840,Jessica,Price,Bronx,NY,hat,90,Baffled Badgers,2021-01-26,31,Gleichner Ltd.
841,Paul,Williams,Charleston,WV,hat,88,Cosmic Cobras,2021-01-26,58,
842,Ruth,Jackson,Oklahoma City,OK,hat,76,Angry Ants,2021-01-26,21,"Koch, Prohaska and Kunze"
843,Jesse,Morris,Jefferson City,MO,shirt,82,Baffled Badgers,2021-01-26,20,Cruickshank-Cummerata
844,Katherine,Holmes,El Paso,TX,hat,91,Cosmic Cobras,2021-01-26,41,"Kessler, Walter and Haag"
845,Catherine,Garrett,Memphis,TN,hat,74,Angry Ants,2021-01-26,30,
846,Carlos,Owens,Fort Wayne,IN,shirt,90,Baffled Badgers,2021-01-26,25,"Kerluke, Hartmann and Trantow"
847,Diane,Kelly,Charleston,WV,shirt,79,Cosmic Cobras,2021-01-26,56,Berge Inc
848,Amy,Hudson,Savannah,GA,shirt,85,Angry Ants,2021-01-26,31,Haag Ltd.
849,Thomas,Reyes,Erie,PA,shirt,86,Baffled Badgers,2021-01-26,42,"Stanton, Veum and Homenick"
850,Russell,Stephens,Green Bay,WI,shirt,82,Cosmic Cobras,2021-01-26,37,"Morissette, Bogan and Murphy"
851,Carolyn,Grant,Alexandria,LA,hat,87,Angry Ants,2021-01-26,44,Hagenes-Kassulke
852,Denise,Hanson,Huntington,WV,shirt,89,Baffled Badgers,2021-01-26,55,McKenzie-Simonis
853,Eric,Nguyen,Dallas,TX,shirt,97,Cosmic Cobras,2021-01-26,25,"Kunze, Hirthe and Nader"
854,Amy,Lane,Richmond,VA,hat,78,Angry Ants,2021-01-26,46,Morar Ltd.
855,Christina,Gardner,Springfield,MA,shirt,82,Baffled Badgers,2021-01-26,32,Quigley-Bradtke
856,Steve,Cooper,Montgomery,AL,hat,81,Cosmic Cobras,2021-01-26,46,
857,Martha,Riley,Peoria,IL,shirt,79,Angry Ants,2021-01-26,51,"Balistreri, Friesen and Ziemann"
858,Timothy,Payne,Indianapolis,IN,shirt,84,Baffled Badgers,2021-01-26,26,Franecki-Yundt
859,Harry,Jones,New Orleans,LA,shirt,90,Cosmic Cobras,2021-01-26,29,Kshlerin LLC
860,Emily,James,Saint Louis,MO,shirt,63,Angry Ants,2021-01-26,21,
861,Paul,Walker,El Paso,TX,hat,77,Baffled Badgers,2021-01-26,22,Kub-Schmitt
862,Nicholas,Barnes,Pittsburgh,PA,hat,88,Cosmic Cobras,2021-01-27,25,Sawayn Ltd.
863,Steve,Pierce,Oklahoma City,OK,shirt,84,Angry Ants,2021-01-27,58,Gorczany Group
864,Mildred,Crawford,Burbank,CA,hat,88,Baffled Badgers,2021-01-27,37,Muller Group
865,Jason,Mitchell,San Francisco,CA,shirt,87,Cosmic Cobras,2021-01-27,43,Krajcik-Gorczany
866,Russell,Dixon,Buffalo,NY,hat,84,Angry Ants,2021-01-27,56,Schuppe-Crona
867,Douglas,Boyd,Denver,CO,hat,98,Baffled Badgers,2021-01-27,22,Olson Ltd.
868,Michael,Gonzalez,Louisville,KY,shirt,85,Cosmic Cobras,2021-01-27,37,"Stiedemann, Lynch and Lowe"
869,Christina,Burke,Charlotte,NC,shirt,75,Angry Ants,2021-01-27,40,"Barrows, Prohaska and Bogan"
870,Ernest,Reed,Virginia Beach,VA,hat,86,Baffled Badgers,2021-01-27,28,Kuhn-Pfannerstill
871,Walter,Burns,Greeley,CO,shirt,94,Cosmic Cobras,2021-01-27,38,"Waelchi, Kemmer and Rutherford"
872,Ronald,Bishop,Waco,TX,hat,77,Angry Ants,2021-01-27,24,"Von, Littel and Bergstrom"
873,Norma,Morales,Macon,GA,hat,82,Baffled Badgers,2021-01-27,52,"Kuvalis, Weimann and Jerde"
874,Melissa,Franklin,Mobile,AL,hat,86,Cosmic Cobras,2021-01-27,47,"Rohan, Denesik and Luettgen"
875,Carol,Ross,Newton,MA,shirt,79,Angry Ants,2021-01-27,31,Pfeffer-Lynch
876,Clarence,Morales,Decatur,IL,shirt,81,Baffled Badgers,2021-01-27,26,Thompson-Bogisich
877,Christina,Burns,Atlanta,GA,hat,96,Cosmic Cobras,2021-01-27,48,"Price, Connelly and Goyette"
878,Jimmy,Gutierrez,San Jose,CA,hat,75,Angry Ants,2021-01-27,35,"Waelchi, Gerhold and Cremin"
879,Doris,Chavez,Alexandria,LA,shirt,86,Baffled Badgers,2021-01-27,49,Wolff Inc
880,Martha,Perez,Richmond,VA,shirt,80,Cosmic Cobras,2021-01-27,22,Gulgowski-Herman
881,Andrea,Butler,Shawnee Mission,KS,hat,75,Angry Ants,2021-01-27,48,"Effertz, Harber and Roob"
882,Roy,Black,Reading,PA,hat,87,Baffled Badgers,2021-01-27,27,Howell LLC
883,Carlos,Hanson,San Francisco,CA,shirt,89,Cosmic Cobras,2021-01-27,54,
884,Timothy,Fernandez,Houston,TX,shirt,74,Angry Ants,2021-01-27,53,Hartmann-Kilback
885,Mary,Richards,Aurora,CO,hat,81,Baffled Badgers,2021-01-27,33,Crooks-Walker
886,Peter,Hawkins,Littleton,CO,hat,82,Cosmic Cobras,2021-01-27,46,"Walker, Lockman and Kuhic"
887,Christopher,Walker,Topeka,KS,hat,81,Angry Ants,2021-01-27,39,"Botsford, Senger and Littel"
888,Rose,Rivera,Raleigh,NC,shirt,75,Baffled Badgers,2021-01-27,41,"Crist, Lindgren and Bogan"
889,Frances,Miller,New Orleans,LA,shirt,84,Cosmic Cobras,2021-01-27,18,Kirlin LLC
890,Deborah,Snyder,Fort Wayne,IN,hat,83,Angry Ants,2021-01-27,23,Veum LLC
891,John,Myers,Topeka,KS,hat,93,Baffled Badgers,2021-01-27,25,MacGyver Group
892,David,Thomas,Evansville,IN,hat,91,Cosmic Cobras,2021-01-27,33,
893,Adam,Gonzales,Kansas City,MO,hat,76,Angry Ants,2021-01-27,19,
894,Annie,Turner,Charlotte,NC,hat,76,Baffled Badgers,2021-01-27,44,Gerlach-Dicki
895,Bonnie,Willis,Saint Petersburg,FL,shirt,91,Cosmic Cobras,2021-01-27,46,Howell Inc
896,Bonnie,Olson,Rochester,NY,hat,76,Angry Ants,2021-01-27,45,
897,Phillip,Stone,Inglewood,CA,hat,81,Baffled Badgers,2021-01-27,56,"O'Conner, Zboncak and Hyatt"
898,Frances,Austin,Las Vegas,NV,shirt,96,Cosmic Cobras,2021-01-28,32,Altenwerth-Pfeffer
899,Margaret,Myers,Salinas,CA,hat,83,Angry Ants,2021-01-28,51,Toy-Hills
900,Irene,Watkins,Saginaw,MI,hat,85,Baffled Badgers,2021-01-28,41,"Stoltenberg, Sawayn and Schulist"
901,Charles,Edwards,Des Moines,IA,shirt,82,Cosmic Cobras,2021-01-28,41,"Nitzsche, Barrows and Stamm"
902,Martha,Hudson,Tacoma,WA,shirt,76,Angry Ants,2021-01-28,27,"Mraz, Bartell and Volkman"
903,Carolyn,Kelly,Bronx,NY,shirt,90,Baffled Badgers,2021-01-28,28,O'Reilly-Toy
904,Adam,Garcia,Fort Worth,TX,hat,91,Cosmic Cobras,2021-01-28,54,"Erdman, Reilly and Zieme"
905,Wayne,Stevens,Bethesda,MD,hat,83,Angry Ants,2021-01-28,32,Okuneva-Dickens
906,Gloria,Diaz,Austin,TX,shirt,83,Baffled Badgers,2021-01-28,23,Mayer-Connelly
907,Anthony,Warren,Crawfordsville,IN,hat,93,Cosmic Cobras,2021-01-28,33,"Hessel, Sawayn and Wolff"
908,Ann,Harrison,Wilmington,DE,shirt,77,Angry Ants,2021-01-28,45,Reilly-Friesen
909,Ashley,Franklin,Ventura,CA,shirt,91,Baffled Badgers,2021-01-28,25,Bahringer LLC
910,Melissa,Hughes,Kansas City,MO,hat,85,Cosmic Cobras,2021-01-28,25,"Kris, Labadie and Buckridge"
911,Lawrence,Washington,Austin,TX,hat,85,Angry Ants,2021-01-28,35,Waelchi Ltd.
912,Carl,Matthews,Boise,ID,shirt,81,Baffled Badgers,2021-01-28,31,"Medhurst, Casper and Towne"
913,Donna,Johnston,New York City,NY,hat,90,Cosmic Cobras,2021-01-28,23,Aufderhar Group
914,Donna,Hernandez,Sacramento,CA,shirt,80,Angry Ants,2021-01-28,27,Schmitt-Swift
915,Brian,Bowman,Pompano Beach,FL,hat,87,Baffled Badgers,2021-01-28,24,Dickinson-Daugherty
916,Cheryl,Wallace,Evansville,IN,hat,88,Cosmic Cobras,2021-01-28,54,DuBuque-Keebler
917,Dorothy,Cole,Stamford,CT,hat,69,Angry Ants,2021-01-28,24,Bartell-Schaden
918,Jacqueline,Dixon,Athens,GA,hat,86,Baffled Badgers,2021-01-28,40,Schroeder Ltd.
919,Edward,McDarren,Greenville,SC,hat,93,Cosmic Cobras,2021-01-28,30,"Klocko, Altenwerth and Huels"
920,Juan,Morgan,San Antonio,TX,hat,79,Angry Ants,2021-01-28,37,Zieme-Smith
921,Carol,Robinson,Fresno,CA,shirt,77,Baffled Badgers,2021-01-28,43,"Bauch, Rohan and Davis"
922,Victor,Hunt,Rochester,NY,hat,89,Cosmic Cobras,2021-01-28,48,Streich-Marvin
923,Christine,Murray,Houston,TX,shirt,81,Angry Ants,2021-01-28,26,Adams LLC
924,Denise,White,Newton,MA,hat,86,Baffled Badgers,2021-01-28,39,Walker-Bauch
925,Diane,Perry,Detroit,MI,shirt,84,Cosmic Cobras,2021-01-28,57,Hodkiewicz Group
926,Angela,Ford,Salt Lake City,UT,shirt,84,Angry Ants,2021-01-28,57,Frami-Mohr
927,Carl,Sanders,Pensacola,FL,shirt,82,Baffled Badgers,2021-01-28,18,Heller-Satterfield
928,Daniel,Alvarez,Spartanburg,SC,shirt,88,Cosmic Cobras,2021-01-28,39,
929,Mark,Scott,Valdosta,GA,hat,83,Angry Ants,2021-01-28,55,"Ernser, Eichmann and O'Reilly"
930,Ashley,Washington,Cincinnati,OH,hat,94,Baffled Badgers,2021-01-28,50,"Gerlach, Heaney and Murazik"
931,Alice,Shaw,Miami,FL,hat,94,Cosmic Cobras,2021-01-29,22,"Hane, Jacobi and Lind"
932,Craig,Turner,Miami,FL,hat,85,Angry Ants,2021-01-29,40,"Hammes, Hauck and Stokes"
933,Brenda,Owens,Nashville,TN,hat,78,Baffled Badgers,2021-01-29,33,
934,Stephen,Wagner,Tampa,FL,shirt,91,Cosmic Cobras,2021-01-29,20,
935,Brandon,Morris,Jackson,MS,hat,80,Angry Ants,2021-01-29,53,
936,Jeremy,Nguyen,Arlington,TX,shirt,87,Baffled Badgers,2021-01-29,36,"Gottlieb, Willms and Kuhn"
937,Roy,Arnold,Lakeland,FL,hat,81,Cosmic Cobras,2021-01-29,38,Windler-Ryan
938,Lois,Cruz,Fullerton,CA,hat,80,Angry Ants,2021-01-29,43,Reichert-Schultz
939,Roger,Harrison,Cumming,GA,hat,87,Baffled Badgers,2021-01-29,43,Goyette-Johnson
940,Jennifer,Burke,Savannah,GA,hat,83,Cosmic Cobras,2021-01-29,34,Will Ltd.
941,James,Elliott,Madison,WI,hat,74,Angry Ants,2021-01-29,40,Roob Inc
942,Brenda,Brooks,Wichita,KS,shirt,86,Baffled Badgers,2021-01-29,41,Will LLC
943,Christine,Reyes,Orlando,FL,hat,91,Cosmic Cobras,2021-01-29,43,Stokes-Williamson
944,Earl,Burns,Beaverton,OR,shirt,81,Angry Ants,2021-01-29,47,"Wolff, Pfannerstill and Cline"
945,Andrew,Taylor,Silver Spring,MD,hat,86,Baffled Badgers,2021-01-29,30,Rosenbaum Ltd.
946,Stephanie,Stevens,Minneapolis,MN,shirt,83,Cosmic Cobras,2021-01-29,28,Little Group
947,Robin,Ryan,Tampa,FL,hat,75,Angry Ants,2021-01-29,59,Collins Inc
948,Frank,Hughes,El Paso,TX,shirt,81,Baffled Badgers,2021-01-29,25,Reinger Ltd.
949,William,Fernandez,El Paso,TX,shirt,86,Cosmic Cobras,2021-01-29,50,Rolfson-Goldner
950,Jeffrey,Mason,El Paso,TX,hat,77,Angry Ants,2021-01-29,27,Bernier-Kuphal
951,Wayne,Williams,Colorado Springs,CO,hat,84,Baffled Badgers,2021-01-29,27,
952,Juan,Bradley,Roanoke,VA,hat,93,Cosmic Cobras,2021-01-29,55,Bogan-Muller
953,Kelly,White,Springfield,OH,shirt,70,Angry Ants,2021-01-29,58,"Koelpin, Stokes and Kuhic"
954,Richard,Stevens,Akron,OH,shirt,78,Baffled Badgers,2021-01-29,48,"Feeney, Conroy and Nikolaus"
955,Carlos,Chapman,Los Angeles,CA,hat,84,Cosmic Cobras,2021-01-29,30,"Bernier, Kling and Lindgren"
956,Brian,Bradley,Kansas City,MO,hat,78,Angry Ants,2021-01-29,55,
957,Laura,Mason,Milwaukee,WI,shirt,87,Baffled Badgers,2021-01-29,29,Gutkowski-Mraz
958,Alice,Roberts,Montgomery,AL,shirt,89,Cosmic Cobras,2021-01-29,27,Langosh Group
959,Anna,Jackson,Visalia,CA,hat,84,Angry Ants,2021-01-29,23,Jakubowski Inc
960,Stephanie,Gomez,Orlando,FL,hat,80,Baffled Badgers,2021-01-29,56,Marquardt-Ziemann
961,Maria,Palmer,San Francisco,CA,hat,90,Cosmic Cobras,2021-01-29,28,Williamson-Bradtke
962,Richard,Russell,Bloomington,IN,hat,79,Angry Ants,2021-01-29,33,Murray Inc
963,Theresa,Torres,Austin,TX,hat,85,Baffled Badgers,2021-01-29,33,"Schamberger, Williamson and Casper"
964,Carol,Campbell,Greenville,SC,hat,87,Cosmic Cobras,2021-01-29,34,"Mosciski, Haag and Hyatt"
965,Christina,Perry,Austin,TX,shirt,76,Angry Ants,2021-01-29,18,Schmitt Ltd.
966,Douglas,Peterson,Youngstown,OH,hat,84,Baffled Badgers,2021-01-29,38,Littel Group
967,Marilyn,Hall,Memphis,TN,hat,90,Cosmic Cobras,2021-01-29,28,Moore-Cormier
968,Kenneth,Black,Myrtle Beach,SC,hat,89,Angry Ants,2021-01-29,46,Williamson-Moen
969,Melissa,Richardson,Sioux Falls,SD,hat,79,Baffled Badgers,2021-01-29,42,"Deckow, Cole and Kassulke"
970,Kevin,Garcia,Arlington,VA,hat,81,Cosmic Cobras,2021-01-30,50,"Kemmer, Dietrich and Predovic"
971,Dorothy,Boyd,Fairfax,VA,hat,73,Angry Ants,2021-01-30,30,Stracke-Osinski
972,Julie,Day,Gilbert,AZ,shirt,86,Baffled Badgers,2021-01-30,44,"Kris, Shields and Mills"
973,Catherine,Anderson,Amarillo,TX,shirt,95,Cosmic Cobras,2021-01-30,20,Wisozk Ltd.
974,Andrea,Johnson,Memphis,TN,hat,83,Angry Ants,2021-01-30,60,Lockman-Renner
975,Brenda,Brooks,Pittsburgh,PA,hat,88,Baffled Badgers,2021-01-30,19,Marks-Hintz
976,Randy,Cox,Flint,MI,shirt,87,Cosmic Cobras,2021-01-30,46,Feeney Inc
977,Ronald,Henry,Arlington,VA,shirt,76,Angry Ants,2021-01-30,41,Halvorson Inc
978,Judith,Cole,Minneapolis,MN,hat,89,Baffled Badgers,2021-01-30,30,Roberts-Goldner
979,Randy,Larson,Jamaica,NY,hat,91,Cosmic Cobras,2021-01-30,23,"Schimmel, Nikolaus and Lehner"
980,Thomas,Jones,Columbia,SC,hat,78,Angry Ants,2021-01-30,51,"D'Amore, Harvey and Wehner"
981,Brandon,Jackson,Alhambra,CA,shirt,89,Baffled Badgers,2021-01-30,23,Wyman-Hintz
982,Andrew,Baker,Fort Wayne,IN,shirt,92,Cosmic Cobras,2021-01-30,34,Marks Inc
983,Jimmy,Simmons,San Francisco,CA,hat,88,Angry Ants,2021-01-30,50,Hayes-Wyman
984,Antonio,Romero,Phoenix,AZ,shirt,83,Baffled Badgers,2021-01-30,56,Ryan Inc
985,Fred,Lane,Suffolk,VA,shirt,89,Cosmic Cobras,2021-01-30,53,
986,Elizabeth,Murphy,Memphis,TN,hat,74,Angry Ants,2021-01-30,58,"Morar, Botsford and Crona"
987,Darren,Woods,San Jose,CA,hat,87,Baffled Badgers,2021-01-30,19,Adams Inc
988,Peter,Snyder,Sioux Falls,SD,shirt,91,Cosmic Cobras,2021-01-30,48,Wolf-Rodriguez
989,Jimmy,Foster,Colorado Springs,CO,shirt,79,Angry Ants,2021-01-30,32,Aufderhar-Bosco
990,Marilyn,Payne,Los Angeles,CA,hat,92,Baffled Badgers,2021-01-30,43,Torp-Kilback
991,Julie,Turner,Houston,TX,shirt,85,Cosmic Cobras,2021-01-30,53,"Rogahn, Mosciski and Johnston"
992,Frances,Hunter,Indianapolis,IN,hat,84,Angry Ants,2021-01-30,60,"Marvin, Schamberger and Purdy"
993,Willie,Olson,Las Vegas,NV,hat,78,Baffled Badgers,2021-01-30,41,"Rogahn, Shields and Fay"
994,Jesse,Gardner,San Antonio,TX,hat,96,Cosmic Cobras,2021-01-30,20,Crist LLC
995,John,Gray,El Paso,TX,hat,90,Angry Ants,2021-01-30,52,"Schmidt, Greenholt and Hodkiewicz"
996,Rachel,Jackson,Beaumont,TX,shirt,88,Baffled Badgers,2021-01-30,21,Terry LLC
997,Nancy,Roberts,Houston,TX,shirt,81,Cosmic Cobras,2021-01-30,57,Hackett Inc
998,Frances,Hunter,Madison,WI,shirt,87,Angry Ants,2021-01-30,37,"Bergnaum, Goodwin and Schneider"
999,Mary,Washington,Farmington,MI,shirt,87,Baffled Badgers,2021-01-30,19,"Eichmann, Kozey and Abbott"
1000,James,Payne,Amarillo,TX,hat,94,Cosmic Cobras,2021-01-30,42,Kuhic Group
